review_id,product_id,user_id,rating,review_title,review_text,review_date,verified_purchase,helpful_count,source,language,created_at
rv_000001,iphone_15,usr_4368,4.0,Tốt trong tầm giá,"Chất lượng hoàn thiện tuyệt vời, màn hình rất đẹp và sáng.",2026-09-09T15:19:30Z,False,17,web_crawler,vi,2026-09-09T15:19:30Z
rv_000002,galaxy_s24_ultra,usr_9502,5.0,Rất hài lòng,"Chất lượng hoàn thiện tuyệt vời, màn hình rất đẹp và sáng.",2026-08-25T05:38:49Z,True,14,partner_api,vi,2026-08-25T05:38:49Z
rv_000003,iphone_15,usr_1920,5.0,Rất hài lòng,"Giao hàng nhanh, đóng gói cẩn thận, dùng 2 tuần chưa thấy lỗi gì.",2026-08-29T13:43:01Z,True,25,web_crawler,vi,2026-08-29T13:43:01Z
rv_000004,thinkpad_x1_carbon,usr_2490,5.0,Rất hài lòng,"Sản phẩm dùng rất mượt, pin trâu hơn mong đợi.",2026-08-28T22:17:38Z,True,27,web_crawler,vi,2026-08-28T22:17:38Z
rv_000005,macbook_air_m3,usr_9486,2.0,Khá thất vọng,Máy nhanh nóng khi dùng 4G hoặc quay video 4K.,2026-09-15T23:39:29Z,True,43,partner_api,vi,2026-09-15T23:39:29Z
rv_000006,macbook_pro_m3,usr_3776,2.0,Disappointed,Overpriced for the features offered compared to competitors.,2026-09-16T08:18:44Z,True,1,partner_api,en,2026-09-16T08:18:44Z
rv_000007,galaxy_tab_s9,usr_9200,4.0,Tốt trong tầm giá,"Rất hài lòng với quyết định nâng cấp lần này, 10/10.",2026-09-02T19:02:28Z,True,10,mobile_app,vi,2026-09-02T19:02:28Z
rv_000008,macbook_pro_m3,usr_7852,5.0,Great purchase,Highly recommended! Worth every single penny.,2026-09-07T21:33:35Z,True,17,web_crawler,en,2026-09-07T21:33:35Z
rv_000009,pixel_8_pro,usr_2681,5.0,Great purchase,"Excellent device, blazing fast performance and gorgeous display.",2026-08-30T02:39:10Z,True,21,mobile_app,en,2026-08-30T02:39:10Z
rv_000010,dell_xps_15,usr_7086,5.0,Great purchase,Battery life easily lasts through a full heavy-use day.,2026-08-22T17:18:10Z,True,22,partner_api,en,2026-08-22T17:18:10Z
rv_000011,dell_xps_15,usr_2721,5.0,Rất hài lòng,"Giao hàng nhanh, đóng gói cẩn thận, dùng 2 tuần chưa thấy lỗi gì.",2026-08-28T22:52:38Z,True,10,mobile_app,vi,2026-08-28T22:52:38Z
rv_000012,iphone_15_pro,usr_5708,3.0,Tạm ổn,"Dùng tạm được, chưa thực sự ấn tượng.",2026-09-19T12:40:16Z,True,37,mobile_app,vi,2026-09-19T12:40:16Z
rv_000013,airpods_pro_2,usr_5637,2.0,Khá thất vọng,Máy nhanh nóng khi dùng 4G hoặc quay video 4K.,2026-09-16T00:16:59Z,True,25,web_crawler,vi,2026-09-16T00:16:59Z
rv_000014,iphone_15_pro,usr_6583,1.0,Không hài lòng,Sau cập nhật phần mềm xuất hiện sọc màn hình nhẹ.,2026-09-09T16:35:24Z,True,37,web_crawler,vi,2026-09-09T16:35:24Z
rv_000015,dell_xps_15,usr_7279,5.0,Great purchase,Cameras are outstanding in low light conditions.,2026-09-06T15:42:54Z,True,27,mobile_app,en,2026-09-06T15:42:54Z
rv_000016,macbook_air_m3,usr_7792,5.0,Rất hài lòng,"Camera chụp đêm rất ấn tượng, độ chi tiết cao.",2026-09-19T05:39:18Z,True,12,mobile_app,vi,2026-09-19T05:39:18Z
rv_000017,macbook_air_m3,usr_1786,5.0,Rất hài lòng,"Sản phẩm dùng rất mượt, pin trâu hơn mong đợi.",2026-08-24T03:00:58Z,True,11,partner_api,vi,2026-08-24T03:00:58Z
rv_000018,macbook_pro_m3,usr_8626,4.0,Tốt trong tầm giá,"Sản phẩm dùng rất mượt, pin trâu hơn mong đợi.",2026-09-03T23:04:49Z,True,14,mobile_app,vi,2026-09-03T23:04:49Z
rv_000019,airpods_pro_2,usr_8916,5.0,Rất hài lòng,"Rất hài lòng với quyết định nâng cấp lần này, 10/10.",2026-09-04T19:06:32Z,True,34,web_crawler,vi,2026-09-04T19:06:32Z
rv_000020,pixel_8_pro,usr_4109,1.0,Không hài lòng,"Pin tụt khá nhanh, chỉ được nửa ngày là phải cắm sạc.",2026-08-29T23:25:53Z,True,0,mobile_app,vi,2026-08-29T23:25:53Z
rv_000021,dell_xps_15,usr_7612,5.0,Great purchase,"Build quality is superb, feels very premium in hand.",2026-08-21T02:03:42Z,True,36,web_crawler,en,2026-08-21T02:03:42Z
rv_000022,airpods_pro_2,usr_1202,3.0,Tạm ổn,"Dùng tạm được, chưa thực sự ấn tượng.",2026-09-06T10:03:33Z,True,10,partner_api,vi,2026-09-06T10:03:33Z
rv_000023,iphone_15_pro,usr_5926,5.0,Great purchase,Cameras are outstanding in low light conditions.,2026-09-11T19:21:13Z,True,2,mobile_app,en,2026-09-11T19:21:13Z
rv_000024,galaxy_s24_ultra,usr_7957,5.0,Rất hài lòng,"Giao hàng nhanh, đóng gói cẩn thận, dùng 2 tuần chưa thấy lỗi gì.",2026-09-18T14:12:13Z,True,43,partner_api,vi,2026-09-18T14:12:13Z
rv_000025,galaxy_tab_s9,usr_7776,5.0,Great purchase,Highly recommended! Worth every single penny.,2026-09-15T04:23:09Z,False,43,partner_api,en,2026-09-15T04:23:09Z
rv_000026,galaxy_tab_s9,usr_5002,5.0,Rất hài lòng,"Chất lượng hoàn thiện tuyệt vời, màn hình rất đẹp và sáng.",2026-09-17T00:36:34Z,True,39,mobile_app,vi,2026-09-17T00:36:34Z
rv_000027,galaxy_tab_s9,usr_2789,5.0,Rất hài lòng,"Rất hài lòng với quyết định nâng cấp lần này, 10/10.",2026-09-23T01:25:44Z,True,8,mobile_app,vi,2026-09-23T01:25:44Z
rv_000028,macbook_pro_m3,usr_1918,5.0,Rất hài lòng,"Sản phẩm dùng rất mượt, pin trâu hơn mong đợi.",2026-09-04T09:23:13Z,True,26,web_crawler,vi,2026-09-04T09:23:13Z
rv_000029,macbook_pro_m3,usr_5706,5.0,Great purchase,Battery life easily lasts through a full heavy-use day.,2026-09-11T13:53:12Z,True,18,mobile_app,en,2026-09-11T13:53:12Z
rv_000030,ipad_pro_m4,usr_3110,4.0,Tốt trong tầm giá,"Camera chụp đêm rất ấn tượng, độ chi tiết cao.",2026-09-04T22:29:41Z,True,1,mobile_app,vi,2026-09-04T22:29:41Z
rv_000031,xiaomi_14_pro,usr_8128,5.0,Great purchase,"Build quality is superb, feels very premium in hand.",2026-08-26T08:33:11Z,True,31,web_crawler,en,2026-08-26T08:33:11Z
rv_000032,macbook_air_m3,usr_9190,5.0,Rất hài lòng,"Chất lượng hoàn thiện tuyệt vời, màn hình rất đẹp và sáng.",2026-09-06T13:51:09Z,True,26,mobile_app,vi,2026-09-06T13:51:09Z
rv_000033,iphone_15_pro,usr_6964,5.0,Great purchase,"Excellent device, blazing fast performance and gorgeous display.",2026-09-06T08:24:02Z,True,38,partner_api,en,2026-09-06T08:24:02Z
rv_000034,macbook_pro_m3,usr_7555,3.0,Average,"Decent, but expected more.",2026-09-09T11:48:59Z,True,39,partner_api,en,2026-09-09T11:48:59Z
rv_000035,iphone_15_pro,usr_4547,5.0,Rất hài lòng,"Sản phẩm dùng rất mượt, pin trâu hơn mong đợi.",2026-09-14T11:37:49Z,False,17,mobile_app,vi,2026-09-14T11:37:49Z
rv_000036,airpods_pro_2,usr_2144,4.0,Tốt trong tầm giá,"Chất lượng hoàn thiện tuyệt vời, màn hình rất đẹp và sáng.",2026-09-08T06:20:21Z,True,15,partner_api,vi,2026-09-08T06:20:21Z
rv_000037,ipad_pro_m4,usr_9577,5.0,Rất hài lòng,"Giao hàng nhanh, đóng gói cẩn thận, dùng 2 tuần chưa thấy lỗi gì.",2026-08-26T03:05:12Z,True,43,mobile_app,vi,2026-08-26T03:05:12Z
rv_000038,pixel_8_pro,usr_2991,5.0,Rất hài lòng,"Sản phẩm dùng rất mượt, pin trâu hơn mong đợi.",2026-08-27T15:55:59Z,True,10,mobile_app,vi,2026-08-27T15:55:59Z
rv_000039,macbook_air_m3,usr_2264,5.0,Rất hài lòng,"Rất hài lòng với quyết định nâng cấp lần này, 10/10.",2026-09-04T04:37:34Z,True,19,mobile_app,vi,2026-09-04T04:37:34Z
rv_000040,galaxy_tab_s9,usr_6607,4.0,Tốt trong tầm giá,"Sản phẩm dùng rất mượt, pin trâu hơn mong đợi.",2026-08-22T22:50:16Z,False,39,partner_api,vi,2026-08-22T22:50:16Z
rv_000041,macbook_air_m3,usr_1001,3.0,Tạm ổn,"Dùng tạm được, chưa thực sự ấn tượng.",2026-09-16T08:18:56Z,False,26,partner_api,vi,2026-09-16T08:18:56Z
rv_000042,xiaomi_14_pro,usr_3110,3.0,Tạm ổn,"Dùng tạm được, chưa thực sự ấn tượng.",2026-09-01T09:30:36Z,True,23,mobile_app,vi,2026-09-01T09:30:36Z
rv_000043,iphone_15_pro,usr_8014,4.0,Tốt trong tầm giá,"Giao hàng nhanh, đóng gói cẩn thận, dùng 2 tuần chưa thấy lỗi gì.",2026-08-21T23:47:40Z,True,2,partner_api,vi,2026-08-21T23:47:40Z
rv_000044,dell_xps_15,usr_3245,5.0,Rất hài lòng,"Giao hàng nhanh, đóng gói cẩn thận, dùng 2 tuần chưa thấy lỗi gì.",2026-09-04T18:58:06Z,True,7,web_crawler,vi,2026-09-04T18:58:06Z
rv_000045,ipad_pro_m4,usr_6571,5.0,Great purchase,"Build quality is superb, feels very premium in hand.",2026-08-30T13:31:21Z,False,42,partner_api,en,2026-08-30T13:31:21Z
rv_000046,thinkpad_x1_carbon,usr_5113,5.0,Rất hài lòng,"Camera chụp đêm rất ấn tượng, độ chi tiết cao.",2026-09-04T14:04:12Z,True,9,partner_api,vi,2026-09-04T14:04:12Z
rv_000047,macbook_air_m3,usr_7973,4.0,Tốt trong tầm giá,"Rất hài lòng với quyết định nâng cấp lần này, 10/10.",2026-09-02T11:44:05Z,True,45,partner_api,vi,2026-09-02T11:44:05Z
rv_000048,galaxy_s24,usr_3045,5.0,Rất hài lòng,"Chất lượng hoàn thiện tuyệt vời, màn hình rất đẹp và sáng.",2026-09-06T22:20:13Z,True,27,mobile_app,vi,2026-09-06T22:20:13Z
rv_000049,macbook_pro_m3,usr_5794,4.0,Tốt trong tầm giá,"Camera chụp đêm rất ấn tượng, độ chi tiết cao.",2026-08-23T04:08:39Z,True,24,web_crawler,vi,2026-08-23T04:08:39Z
rv_000050,iphone_15,usr_2782,5.0,Rất hài lòng,"Sản phẩm dùng rất mượt, pin trâu hơn mong đợi.",2026-09-05T17:13:46Z,False,45,mobile_app,vi,2026-09-05T17:13:46Z
rv_000051,galaxy_s24_ultra,usr_5944,4.0,Tốt trong tầm giá,"Chất lượng hoàn thiện tuyệt vời, màn hình rất đẹp và sáng.",2026-08-22T14:33:16Z,True,5,mobile_app,vi,2026-08-22T14:33:16Z
rv_000052,iphone_15,usr_8692,5.0,Great purchase,Battery life easily lasts through a full heavy-use day.,2026-09-11T08:47:12Z,True,27,mobile_app,en,2026-09-11T08:47:12Z
rv_000053,xiaomi_14_pro,usr_7598,5.0,Great purchase,Cameras are outstanding in low light conditions.,2026-09-08T18:02:44Z,True,15,partner_api,en,2026-09-08T18:02:44Z
rv_000054,iphone_15,usr_3865,5.0,Great purchase,"Excellent device, blazing fast performance and gorgeous display.",2026-08-21T06:14:08Z,True,35,web_crawler,en,2026-08-21T06:14:08Z
rv_000055,iphone_15_pro,usr_9115,5.0,Rất hài lòng,"Chất lượng hoàn thiện tuyệt vời, màn hình rất đẹp và sáng.",2026-09-20T05:14:09Z,True,20,web_crawler,vi,2026-09-20T05:14:09Z
rv_000056,iphone_15_pro,usr_1121,1.0,Không hài lòng,Máy nhanh nóng khi dùng 4G hoặc quay video 4K.,2026-09-16T14:33:18Z,True,3,web_crawler,vi,2026-09-16T14:33:18Z
rv_000057,thinkpad_x1_carbon,usr_6410,2.0,Khá thất vọng,"Pin tụt khá nhanh, chỉ được nửa ngày là phải cắm sạc.",2026-09-11T05:36:19Z,True,27,partner_api,vi,2026-09-11T05:36:19Z
rv_000058,ipad_pro_m4,usr_4009,5.0,Great purchase,Battery life easily lasts through a full heavy-use day.,2026-08-20T17:43:33Z,True,30,mobile_app,en,2026-08-20T17:43:33Z
rv_000059,pixel_8_pro,usr_3003,5.0,Rất hài lòng,"Camera chụp đêm rất ấn tượng, độ chi tiết cao.",2026-09-03T10:22:30Z,True,45,partner_api,vi,2026-09-03T10:22:30Z
rv_000060,macbook_air_m3,usr_1378,5.0,Rất hài lòng,"Camera chụp đêm rất ấn tượng, độ chi tiết cao.",2026-09-22T22:39:08Z,False,43,partner_api,vi,2026-09-22T22:39:08Z
rv_000061,ipad_pro_m4,usr_2944,5.0,Rất hài lòng,"Sản phẩm dùng rất mượt, pin trâu hơn mong đợi.",2026-09-02T02:37:35Z,True,13,web_crawler,vi,2026-09-02T02:37:35Z
rv_000062,xiaomi_14_pro,usr_3965,5.0,Great purchase,Cameras are outstanding in low light conditions.,2026-09-16T15:26:41Z,True,5,partner_api,en,2026-09-16T15:26:41Z
rv_000063,galaxy_tab_s9,usr_2308,5.0,Rất hài lòng,"Camera chụp đêm rất ấn tượng, độ chi tiết cao.",2026-08-30T19:24:41Z,True,5,web_crawler,vi,2026-08-30T19:24:41Z
rv_000064,galaxy_tab_s9,usr_4724,5.0,Rất hài lòng,"Chất lượng hoàn thiện tuyệt vời, màn hình rất đẹp và sáng.",2026-09-06T03:42:39Z,True,21,partner_api,vi,2026-09-06T03:42:39Z
rv_000065,iphone_15_pro,usr_8079,4.0,Tốt trong tầm giá,"Camera chụp đêm rất ấn tượng, độ chi tiết cao.",2026-08-29T19:25:05Z,True,27,partner_api,vi,2026-08-29T19:25:05Z
rv_000066,iphone_15,usr_9462,5.0,Rất hài lòng,"Rất hài lòng với quyết định nâng cấp lần này, 10/10.",2026-09-17T15:57:40Z,True,6,web_crawler,vi,2026-09-17T15:57:40Z
rv_000067,galaxy_s24_ultra,usr_6069,5.0,Great purchase,Battery life easily lasts through a full heavy-use day.,2026-08-22T16:14:09Z,True,24,mobile_app,en,2026-08-22T16:14:09Z
rv_000068,galaxy_tab_s9,usr_6135,4.0,Good overall,"Build quality is superb, feels very premium in hand.",2026-08-30T19:38:49Z,True,11,mobile_app,en,2026-08-30T19:38:49Z
rv_000069,dell_xps_15,usr_3017,5.0,Rất hài lòng,"Sản phẩm dùng rất mượt, pin trâu hơn mong đợi.",2026-09-08T11:00:55Z,True,14,partner_api,vi,2026-09-08T11:00:55Z
rv_000070,sony_wh1000xm5,usr_7810,5.0,Rất hài lòng,"Sản phẩm dùng rất mượt, pin trâu hơn mong đợi.",2026-09-15T12:56:22Z,True,13,partner_api,vi,2026-09-15T12:56:22Z
rv_000071,rog_phone_8,usr_1071,5.0,Rất hài lòng,"Rất hài lòng với quyết định nâng cấp lần này, 10/10.",2026-08-23T10:37:58Z,True,24,web_crawler,vi,2026-08-23T10:37:58Z
rv_000072,airpods_pro_2,usr_8827,5.0,Rất hài lòng,"Giao hàng nhanh, đóng gói cẩn thận, dùng 2 tuần chưa thấy lỗi gì.",2026-08-23T13:39:05Z,True,26,partner_api,vi,2026-08-23T13:39:05Z
rv_000073,sony_wh1000xm5,usr_4429,4.0,Tốt trong tầm giá,"Sản phẩm dùng rất mượt, pin trâu hơn mong đợi.",2026-08-21T07:38:12Z,True,21,mobile_app,vi,2026-08-21T07:38:12Z
rv_000074,rog_phone_8,usr_2144,5.0,Rất hài lòng,"Rất hài lòng với quyết định nâng cấp lần này, 10/10.",2026-08-20T07:22:07Z,True,27,partner_api,vi,2026-08-20T07:22:07Z
rv_000075,airpods_pro_2,usr_8382,1.0,Không hài lòng,"Thiết kế dễ bám vân tay, loa ngoài hơi rè ở âm lượng lớn.",2026-09-14T11:56:57Z,True,31,web_crawler,vi,2026-09-14T11:56:57Z
rv_000076,sony_wh1000xm5,usr_3819,5.0,Rất hài lòng,"Camera chụp đêm rất ấn tượng, độ chi tiết cao.",2026-09-19T07:21:32Z,False,21,web_crawler,vi,2026-09-19T07:21:32Z
rv_000077,galaxy_tab_s9,usr_1355,4.0,Good overall,Highly recommended! Worth every single penny.,2026-09-22T02:11:23Z,True,31,partner_api,en,2026-09-22T02:11:23Z
rv_000078,iphone_15,usr_9200,1.0,Không hài lòng,Sau cập nhật phần mềm xuất hiện sọc màn hình nhẹ.,2026-09-13T04:33:42Z,True,8,partner_api,vi,2026-09-13T04:33:42Z
rv_000079,airpods_pro_2,usr_2651,3.0,Tạm ổn,"Dùng tạm được, chưa thực sự ấn tượng.",2026-09-03T14:10:28Z,True,10,partner_api,vi,2026-09-03T14:10:28Z
rv_000080,rog_phone_8,usr_6725,5.0,Great purchase,"Excellent device, blazing fast performance and gorgeous display.",2026-09-06T10:00:56Z,True,37,partner_api,en,2026-09-06T10:00:56Z
rv_000081,macbook_air_m3,usr_4523,5.0,Rất hài lòng,"Giao hàng nhanh, đóng gói cẩn thận, dùng 2 tuần chưa thấy lỗi gì.",2026-08-29T17:02:01Z,True,33,web_crawler,vi,2026-08-29T17:02:01Z
rv_000082,macbook_air_m3,usr_2876,5.0,Great purchase,Battery life easily lasts through a full heavy-use day.,2026-09-22T04:04:27Z,True,14,partner_api,en,2026-09-22T04:04:27Z
rv_000083,iphone_15_pro,usr_3100,5.0,Rất hài lòng,"Giao hàng nhanh, đóng gói cẩn thận, dùng 2 tuần chưa thấy lỗi gì.",2026-08-25T20:52:43Z,True,36,mobile_app,vi,2026-08-25T20:52:43Z
rv_000084,galaxy_s24_ultra,usr_2450,3.0,Average,"Decent, but expected more.",2026-09-16T10:48:05Z,True,14,mobile_app,en,2026-09-16T10:48:05Z
rv_000085,iphone_15,usr_8984,5.0,Rất hài lòng,"Sản phẩm dùng rất mượt, pin trâu hơn mong đợi.",2026-09-19T22:32:50Z,True,29,partner_api,vi,2026-09-19T22:32:50Z
rv_000086,pixel_8_pro,usr_8251,3.0,Tạm ổn,"Dùng tạm được, chưa thực sự ấn tượng.",2026-09-16T14:49:54Z,True,23,web_crawler,vi,2026-09-16T14:49:54Z
rv_000087,ipad_pro_m4,usr_8128,4.0,Tốt trong tầm giá,"Chất lượng hoàn thiện tuyệt vời, màn hình rất đẹp và sáng.",2026-08-28T10:42:14Z,True,5,mobile_app,vi,2026-08-28T10:42:14Z
rv_000088,xiaomi_14_pro,usr_6330,4.0,Tốt trong tầm giá,"Chất lượng hoàn thiện tuyệt vời, màn hình rất đẹp và sáng.",2026-09-02T02:30:51Z,True,38,partner_api,vi,2026-09-02T02:30:51Z
rv_000089,xiaomi_14_pro,usr_3451,3.0,Tạm ổn,"Dùng tạm được, chưa thực sự ấn tượng.",2026-08-24T20:13:24Z,True,43,mobile_app,vi,2026-08-24T20:13:24Z
rv_000090,airpods_pro_2,usr_7333,1.0,Không hài lòng,"Pin tụt khá nhanh, chỉ được nửa ngày là phải cắm sạc.",2026-09-16T20:53:43Z,False,13,web_crawler,vi,2026-09-16T20:53:43Z
rv_000091,iphone_15,usr_7125,4.0,Tốt trong tầm giá,"Sản phẩm dùng rất mượt, pin trâu hơn mong đợi.",2026-09-11T13:11:11Z,True,23,web_crawler,vi,2026-09-11T13:11:11Z
rv_000092,iphone_15,usr_7832,3.0,Average,"Decent, but expected more.",2026-09-11T13:23:42Z,True,35,partner_api,en,2026-09-11T13:23:42Z
rv_000093,pixel_8_pro,usr_4206,5.0,Rất hài lòng,"Chất lượng hoàn thiện tuyệt vời, màn hình rất đẹp và sáng.",2026-09-06T04:15:37Z,True,25,mobile_app,vi,2026-09-06T04:15:37Z
rv_000094,rog_phone_8,usr_5774,4.0,Good overall,Battery life easily lasts through a full heavy-use day.,2026-08-21T06:29:51Z,False,44,mobile_app,en,2026-08-21T06:29:51Z
rv_000095,galaxy_tab_s9,usr_5338,5.0,Rất hài lòng,"Sản phẩm dùng rất mượt, pin trâu hơn mong đợi.",2026-09-05T00:14:24Z,False,13,web_crawler,vi,2026-09-05T00:14:24Z
rv_000096,pixel_8_pro,usr_2164,4.0,Good overall,Battery life easily lasts through a full heavy-use day.,2026-08-28T01:40:16Z,True,34,partner_api,en,2026-08-28T01:40:16Z
rv_000097,galaxy_tab_s9,usr_6081,5.0,Rất hài lòng,"Sản phẩm dùng rất mượt, pin trâu hơn mong đợi.",2026-09-14T21:18:23Z,True,31,mobile_app,vi,2026-09-14T21:18:23Z
rv_000098,dell_xps_15,usr_1250,4.0,Good overall,"Build quality is superb, feels very premium in hand.",2026-08-29T11:06:14Z,True,22,web_crawler,en,2026-08-29T11:06:14Z
rv_000099,pixel_8_pro,usr_3592,4.0,Good overall,Cameras are outstanding in low light conditions.,2026-09-02T11:10:14Z,True,2,web_crawler,en,2026-09-02T11:10:14Z
rv_000100,galaxy_s24_ultra,usr_9232,4.0,Tốt trong tầm giá,"Giao hàng nhanh, đóng gói cẩn thận, dùng 2 tuần chưa thấy lỗi gì.",2026-08-24T02:38:19Z,True,2,mobile_app,vi,2026-08-24T02:38:19Z
rv_000101,macbook_pro_m3,usr_7906,4.0,Good overall,"Excellent device, blazing fast performance and gorgeous display.",2026-08-31T03:38:08Z,True,0,mobile_app,en,2026-08-31T03:38:08Z
rv_000102,xiaomi_14_pro,usr_5220,5.0,Great purchase,"Excellent device, blazing fast performance and gorgeous display.",2026-09-20T01:06:20Z,True,27,web_crawler,en,2026-09-20T01:06:20Z
rv_000103,galaxy_tab_s9,usr_3445,5.0,Rất hài lòng,"Chất lượng hoàn thiện tuyệt vời, màn hình rất đẹp và sáng.",2026-08-23T21:36:36Z,True,16,mobile_app,vi,2026-08-23T21:36:36Z
rv_000104,pixel_8_pro,usr_6297,5.0,Rất hài lòng,"Rất hài lòng với quyết định nâng cấp lần này, 10/10.",2026-08-27T12:35:33Z,False,10,web_crawler,vi,2026-08-27T12:35:33Z
rv_000105,airpods_pro_2,usr_4210,4.0,Tốt trong tầm giá,"Giao hàng nhanh, đóng gói cẩn thận, dùng 2 tuần chưa thấy lỗi gì.",2026-09-15T04:43:04Z,True,33,mobile_app,vi,2026-09-15T04:43:04Z
rv_000106,dell_xps_15,usr_8973,5.0,Rất hài lòng,"Camera chụp đêm rất ấn tượng, độ chi tiết cao.",2026-09-18T14:33:55Z,True,45,web_crawler,vi,2026-09-18T14:33:55Z
rv_000107,thinkpad_x1_carbon,usr_9188,1.0,Không hài lòng,"Thiết kế dễ bám vân tay, loa ngoài hơi rè ở âm lượng lớn.",2026-09-22T21:38:44Z,False,38,mobile_app,vi,2026-09-22T21:38:44Z
rv_000108,pixel_8_pro,usr_7340,4.0,Tốt trong tầm giá,"Rất hài lòng với quyết định nâng cấp lần này, 10/10.",2026-09-20T06:36:07Z,True,42,web_crawler,vi,2026-09-20T06:36:07Z
rv_000109,galaxy_s24_ultra,usr_7693,5.0,Rất hài lòng,"Rất hài lòng với quyết định nâng cấp lần này, 10/10.",2026-09-07T12:49:46Z,True,39,partner_api,vi,2026-09-07T12:49:46Z
rv_000110,galaxy_s24_ultra,usr_1307,5.0,Great purchase,"Build quality is superb, feels very premium in hand.",2026-09-10T12:37:23Z,True,28,mobile_app,en,2026-09-10T12:37:23Z
rv_000111,iphone_15_pro,usr_4981,5.0,Great purchase,Cameras are outstanding in low light conditions.,2026-08-23T13:40:01Z,True,45,mobile_app,en,2026-08-23T13:40:01Z
rv_000112,iphone_15_pro,usr_3037,5.0,Great purchase,Highly recommended! Worth every single penny.,2026-09-09T21:50:31Z,True,10,web_crawler,en,2026-09-09T21:50:31Z
rv_000113,pixel_8_pro,usr_3854,4.0,Tốt trong tầm giá,"Rất hài lòng với quyết định nâng cấp lần này, 10/10.",2026-09-05T19:16:02Z,True,23,partner_api,vi,2026-09-05T19:16:02Z
rv_000114,iphone_15_pro,usr_6465,5.0,Great purchase,"Build quality is superb, feels very premium in hand.",2026-09-18T12:57:12Z,True,8,mobile_app,en,2026-09-18T12:57:12Z
rv_000115,iphone_15,usr_8384,5.0,Great purchase,Cameras are outstanding in low light conditions.,2026-09-12T06:25:48Z,True,8,web_crawler,en,2026-09-12T06:25:48Z
rv_000116,dell_xps_15,usr_7727,5.0,Great purchase,Battery life easily lasts through a full heavy-use day.,2026-08-27T23:57:58Z,True,8,web_crawler,en,2026-08-27T23:57:58Z
rv_000117,galaxy_s24,usr_4742,4.0,Good overall,Cameras are outstanding in low light conditions.,2026-09-22T19:56:55Z,True,10,web_crawler,en,2026-09-22T19:56:55Z
rv_000118,galaxy_tab_s9,usr_4181,5.0,Great purchase,Highly recommended! Worth every single penny.,2026-08-24T14:38:26Z,True,24,mobile_app,en,2026-08-24T14:38:26Z
rv_000119,ipad_pro_m4,usr_3865,4.0,Tốt trong tầm giá,"Giao hàng nhanh, đóng gói cẩn thận, dùng 2 tuần chưa thấy lỗi gì.",2026-09-20T10:37:21Z,True,20,partner_api,vi,2026-09-20T10:37:21Z
rv_000120,macbook_air_m3,usr_9620,3.0,Tạm ổn,"Dùng tạm được, chưa thực sự ấn tượng.",2026-09-19T14:54:07Z,True,14,web_crawler,vi,2026-09-19T14:54:07Z
rv_000121,sony_wh1000xm5,usr_3088,5.0,Rất hài lòng,"Giao hàng nhanh, đóng gói cẩn thận, dùng 2 tuần chưa thấy lỗi gì.",2026-08-22T13:51:20Z,True,40,web_crawler,vi,2026-08-22T13:51:20Z
rv_000122,iphone_15,usr_3210,5.0,Rất hài lòng,"Rất hài lòng với quyết định nâng cấp lần này, 10/10.",2026-08-28T16:16:31Z,True,8,partner_api,vi,2026-08-28T16:16:31Z
rv_000123,thinkpad_x1_carbon,usr_9901,5.0,Great purchase,Cameras are outstanding in low light conditions.,2026-09-09T16:01:57Z,True,13,web_crawler,en,2026-09-09T16:01:57Z
rv_000124,airpods_pro_2,usr_2471,5.0,Great purchase,"Build quality is superb, feels very premium in hand.",2026-09-12T01:09:45Z,True,7,partner_api,en,2026-09-12T01:09:45Z
rv_000125,pixel_8_pro,usr_2668,5.0,Rất hài lòng,"Rất hài lòng với quyết định nâng cấp lần này, 10/10.",2026-09-15T03:01:55Z,True,19,web_crawler,vi,2026-09-15T03:01:55Z
rv_000126,iphone_15_pro,usr_7133,5.0,Rất hài lòng,"Chất lượng hoàn thiện tuyệt vời, màn hình rất đẹp và sáng.",2026-09-21T14:19:52Z,True,32,mobile_app,vi,2026-09-21T14:19:52Z
rv_000127,pixel_8_pro,usr_5313,4.0,Tốt trong tầm giá,"Sản phẩm dùng rất mượt, pin trâu hơn mong đợi.",2026-09-23T05:03:05Z,True,15,partner_api,vi,2026-09-23T05:03:05Z
rv_000128,thinkpad_x1_carbon,usr_3996,5.0,Rất hài lòng,"Giao hàng nhanh, đóng gói cẩn thận, dùng 2 tuần chưa thấy lỗi gì.",2026-09-08T12:31:09Z,False,31,mobile_app,vi,2026-09-08T12:31:09Z
rv_000129,iphone_15,usr_2376,5.0,Great purchase,Highly recommended! Worth every single penny.,2026-08-30T17:07:28Z,True,17,web_crawler,en,2026-08-30T17:07:28Z
rv_000130,pixel_8_pro,usr_5998,5.0,Rất hài lòng,"Chất lượng hoàn thiện tuyệt vời, màn hình rất đẹp và sáng.",2026-09-04T14:10:31Z,True,4,partner_api,vi,2026-09-04T14:10:31Z
rv_000131,sony_wh1000xm5,usr_8277,5.0,Rất hài lòng,"Rất hài lòng với quyết định nâng cấp lần này, 10/10.",2026-09-08T11:00:10Z,True,2,web_crawler,vi,2026-09-08T11:00:10Z
rv_000132,macbook_pro_m3,usr_5968,5.0,Rất hài lòng,"Giao hàng nhanh, đóng gói cẩn thận, dùng 2 tuần chưa thấy lỗi gì.",2026-09-11T17:30:42Z,True,22,partner_api,vi,2026-09-11T17:30:42Z
rv_000133,iphone_15,usr_5878,4.0,Good overall,"Excellent device, blazing fast performance and gorgeous display.",2026-09-20T22:40:18Z,True,32,partner_api,en,2026-09-20T22:40:18Z
rv_000134,xiaomi_14_pro,usr_9177,5.0,Great purchase,Highly recommended! Worth every single penny.,2026-08-24T05:15:40Z,True,30,web_crawler,en,2026-08-24T05:15:40Z
rv_000135,thinkpad_x1_carbon,usr_5455,4.0,Good overall,"Excellent device, blazing fast performance and gorgeous display.",2026-08-27T04:11:59Z,True,15,mobile_app,en,2026-08-27T04:11:59Z
rv_000136,macbook_air_m3,usr_1060,2.0,Khá thất vọng,Sau cập nhật phần mềm xuất hiện sọc màn hình nhẹ.,2026-08-20T18:46:48Z,True,29,mobile_app,vi,2026-08-20T18:46:48Z
rv_000137,iphone_15,usr_1722,5.0,Great purchase,Cameras are outstanding in low light conditions.,2026-09-06T06:51:10Z,True,17,mobile_app,en,2026-09-06T06:51:10Z
rv_000138,galaxy_s24_ultra,usr_1835,5.0,Great purchase,Cameras are outstanding in low light conditions.,2026-09-08T23:37:32Z,True,23,web_crawler,en,2026-09-08T23:37:32Z
rv_000139,pixel_8_pro,usr_6088,4.0,Tốt trong tầm giá,"Camera chụp đêm rất ấn tượng, độ chi tiết cao.",2026-09-15T22:59:39Z,True,22,mobile_app,vi,2026-09-15T22:59:39Z
rv_000140,galaxy_s24_ultra,usr_7709,5.0,Great purchase,"Build quality is superb, feels very premium in hand.",2026-08-21T12:07:01Z,True,28,web_crawler,en,2026-08-21T12:07:01Z
rv_000141,pixel_8_pro,usr_7607,5.0,Great purchase,Highly recommended! Worth every single penny.,2026-09-06T09:31:22Z,False,42,partner_api,en,2026-09-06T09:31:22Z
rv_000142,xiaomi_14_pro,usr_9078,5.0,Rất hài lòng,"Camera chụp đêm rất ấn tượng, độ chi tiết cao.",2026-09-07T09:11:58Z,True,18,partner_api,vi,2026-09-07T09:11:58Z
rv_000143,sony_wh1000xm5,usr_4230,5.0,Great purchase,Battery life easily lasts through a full heavy-use day.,2026-09-19T18:54:43Z,True,24,partner_api,en,2026-09-19T18:54:43Z
rv_000144,iphone_15,usr_6816,5.0,Rất hài lòng,"Sản phẩm dùng rất mượt, pin trâu hơn mong đợi.",2026-08-27T15:07:41Z,True,21,mobile_app,vi,2026-08-27T15:07:41Z
rv_000145,iphone_15,usr_6984,5.0,Great purchase,Cameras are outstanding in low light conditions.,2026-08-28T19:50:30Z,True,40,web_crawler,en,2026-08-28T19:50:30Z
rv_000146,macbook_air_m3,usr_2873,3.0,Tạm ổn,"Dùng tạm được, chưa thực sự ấn tượng.",2026-08-22T18:24:16Z,True,10,mobile_app,vi,2026-08-22T18:24:16Z
rv_000147,iphone_15_pro,usr_7637,5.0,Rất hài lòng,"Rất hài lòng với quyết định nâng cấp lần này, 10/10.",2026-09-09T00:42:14Z,True,12,mobile_app,vi,2026-09-09T00:42:14Z
rv_000148,galaxy_tab_s9,usr_4359,5.0,Rất hài lòng,"Giao hàng nhanh, đóng gói cẩn thận, dùng 2 tuần chưa thấy lỗi gì.",2026-08-31T07:24:05Z,True,4,mobile_app,vi,2026-08-31T07:24:05Z
rv_000149,galaxy_s24_ultra,usr_4098,4.0,Good overall,Highly recommended! Worth every single penny.,2026-08-28T07:11:51Z,True,32,partner_api,en,2026-08-28T07:11:51Z
rv_000150,macbook_air_m3,usr_7490,4.0,Tốt trong tầm giá,"Chất lượng hoàn thiện tuyệt vời, màn hình rất đẹp và sáng.",2026-09-07T11:36:18Z,True,15,partner_api,vi,2026-09-07T11:36:18Z
rv_000151,xiaomi_14_pro,usr_4630,5.0,Great purchase,"Excellent device, blazing fast performance and gorgeous display.",2026-08-29T08:47:11Z,True,12,partner_api,en,2026-08-29T08:47:11Z
rv_000152,ipad_pro_m4,usr_4792,5.0,Rất hài lòng,"Camera chụp đêm rất ấn tượng, độ chi tiết cao.",2026-09-07T08:36:37Z,True,26,mobile_app,vi,2026-09-07T08:36:37Z
rv_000153,xiaomi_14_pro,usr_5228,2.0,Khá thất vọng,"Thiết kế dễ bám vân tay, loa ngoài hơi rè ở âm lượng lớn.",2026-08-31T07:55:35Z,True,30,partner_api,vi,2026-08-31T07:55:35Z
rv_000154,iphone_15,usr_5491,4.0,Tốt trong tầm giá,"Rất hài lòng với quyết định nâng cấp lần này, 10/10.",2026-09-10T07:12:12Z,True,25,mobile_app,vi,2026-09-10T07:12:12Z
rv_000155,galaxy_tab_s9,usr_1622,3.0,Tạm ổn,"Dùng tạm được, chưa thực sự ấn tượng.",2026-09-07T03:14:03Z,True,34,web_crawler,vi,2026-09-07T03:14:03Z
rv_000156,ipad_pro_m4,usr_2582,5.0,Rất hài lòng,"Rất hài lòng với quyết định nâng cấp lần này, 10/10.",2026-09-18T20:06:09Z,True,41,mobile_app,vi,2026-09-18T20:06:09Z
rv_000157,macbook_pro_m3,usr_4201,4.0,Good overall,"Excellent device, blazing fast performance and gorgeous display.",2026-09-12T12:16:30Z,True,33,partner_api,en,2026-09-12T12:16:30Z
rv_000158,rog_phone_8,usr_1914,5.0,Great purchase,Highly recommended! Worth every single penny.,2026-09-16T06:52:17Z,True,14,partner_api,en,2026-09-16T06:52:17Z
rv_000159,sony_wh1000xm5,usr_3223,4.0,Good overall,Battery life easily lasts through a full heavy-use day.,2026-09-02T06:07:55Z,False,14,partner_api,en,2026-09-02T06:07:55Z
rv_000160,thinkpad_x1_carbon,usr_9218,5.0,Rất hài lòng,"Chất lượng hoàn thiện tuyệt vời, màn hình rất đẹp và sáng.",2026-09-22T17:10:28Z,True,16,web_crawler,vi,2026-09-22T17:10:28Z
rv_000161,iphone_15_pro,usr_4893,5.0,Great purchase,Highly recommended! Worth every single penny.,2026-09-11T20:15:04Z,True,13,mobile_app,en,2026-09-11T20:15:04Z
rv_000162,iphone_15_pro,usr_5413,4.0,Good overall,Cameras are outstanding in low light conditions.,2026-09-07T03:21:05Z,True,2,partner_api,en,2026-09-07T03:21:05Z
rv_000163,airpods_pro_2,usr_5568,5.0,Rất hài lòng,"Sản phẩm dùng rất mượt, pin trâu hơn mong đợi.",2026-09-06T17:53:46Z,True,38,web_crawler,vi,2026-09-06T17:53:46Z
rv_000164,galaxy_tab_s9,usr_3610,2.0,Disappointed,Battery drainage issue observed after recent firmware update.,2026-09-01T04:01:08Z,True,34,mobile_app,en,2026-09-01T04:01:08Z
rv_000165,xiaomi_14_pro,usr_8840,5.0,Great purchase,"Build quality is superb, feels very premium in hand.",2026-09-10T15:05:21Z,True,31,mobile_app,en,2026-09-10T15:05:21Z
rv_000166,rog_phone_8,usr_5952,4.0,Good overall,"Build quality is superb, feels very premium in hand.",2026-08-20T18:09:03Z,True,10,partner_api,en,2026-08-20T18:09:03Z
rv_000167,galaxy_s24,usr_9372,5.0,Great purchase,Battery life easily lasts through a full heavy-use day.,2026-09-03T03:27:56Z,True,10,web_crawler,en,2026-09-03T03:27:56Z
rv_000168,xiaomi_14_pro,usr_3757,1.0,Poor quality,Battery drainage issue observed after recent firmware update.,2026-08-30T16:56:45Z,False,11,web_crawler,en,2026-08-30T16:56:45Z
rv_000169,galaxy_tab_s9,usr_9600,4.0,Good overall,Highly recommended! Worth every single penny.,2026-09-22T21:25:34Z,True,30,mobile_app,en,2026-09-22T21:25:34Z
rv_000170,thinkpad_x1_carbon,usr_5673,5.0,Great purchase,"Excellent device, blazing fast performance and gorgeous display.",2026-08-30T07:27:17Z,False,44,web_crawler,en,2026-08-30T07:27:17Z
rv_000171,sony_wh1000xm5,usr_4906,5.0,Rất hài lòng,"Sản phẩm dùng rất mượt, pin trâu hơn mong đợi.",2026-09-23T04:16:07Z,True,7,mobile_app,vi,2026-09-23T04:16:07Z
rv_000172,iphone_15,usr_8222,5.0,Rất hài lòng,"Chất lượng hoàn thiện tuyệt vời, màn hình rất đẹp và sáng.",2026-09-02T19:28:44Z,True,2,partner_api,vi,2026-09-02T19:28:44Z
rv_000173,sony_wh1000xm5,usr_5698,4.0,Tốt trong tầm giá,"Rất hài lòng với quyết định nâng cấp lần này, 10/10.",2026-08-25T22:59:14Z,True,9,mobile_app,vi,2026-08-25T22:59:14Z
rv_000174,thinkpad_x1_carbon,usr_8208,4.0,Tốt trong tầm giá,"Giao hàng nhanh, đóng gói cẩn thận, dùng 2 tuần chưa thấy lỗi gì.",2026-09-14T16:59:59Z,True,22,mobile_app,vi,2026-09-14T16:59:59Z
rv_000175,airpods_pro_2,usr_1347,5.0,Rất hài lòng,"Camera chụp đêm rất ấn tượng, độ chi tiết cao.",2026-09-11T06:46:13Z,True,26,web_crawler,vi,2026-09-11T06:46:13Z
rv_000176,thinkpad_x1_carbon,usr_9756,5.0,Rất hài lòng,"Camera chụp đêm rất ấn tượng, độ chi tiết cao.",2026-09-13T01:40:04Z,True,32,mobile_app,vi,2026-09-13T01:40:04Z
rv_000177,iphone_15_pro,usr_1144,5.0,Rất hài lòng,"Chất lượng hoàn thiện tuyệt vời, màn hình rất đẹp và sáng.",2026-09-15T01:30:56Z,True,29,web_crawler,vi,2026-09-15T01:30:56Z
rv_000178,sony_wh1000xm5,usr_8883,5.0,Rất hài lòng,"Rất hài lòng với quyết định nâng cấp lần này, 10/10.",2026-09-11T07:09:46Z,False,14,web_crawler,vi,2026-09-11T07:09:46Z
rv_000179,galaxy_s24,usr_8107,4.0,Tốt trong tầm giá,"Chất lượng hoàn thiện tuyệt vời, màn hình rất đẹp và sáng.",2026-09-10T08:38:33Z,True,22,web_crawler,vi,2026-09-10T08:38:33Z
rv_000180,ipad_pro_m4,usr_5035,2.0,Khá thất vọng,"Pin tụt khá nhanh, chỉ được nửa ngày là phải cắm sạc.",2026-08-21T18:16:16Z,True,15,web_crawler,vi,2026-08-21T18:16:16Z
rv_000181,ipad_pro_m4,usr_7229,5.0,Rất hài lòng,"Camera chụp đêm rất ấn tượng, độ chi tiết cao.",2026-08-23T08:30:27Z,True,6,partner_api,vi,2026-08-23T08:30:27Z
rv_000182,airpods_pro_2,usr_2920,5.0,Rất hài lòng,"Camera chụp đêm rất ấn tượng, độ chi tiết cao.",2026-09-02T15:11:19Z,True,0,partner_api,vi,2026-09-02T15:11:19Z
rv_000183,macbook_air_m3,usr_3639,5.0,Great purchase,Highly recommended! Worth every single penny.,2026-09-06T00:24:50Z,True,10,mobile_app,en,2026-09-06T00:24:50Z
rv_000184,dell_xps_15,usr_7775,5.0,Rất hài lòng,"Sản phẩm dùng rất mượt, pin trâu hơn mong đợi.",2026-09-05T12:57:16Z,False,7,mobile_app,vi,2026-09-05T12:57:16Z
rv_000185,galaxy_s24,usr_8995,3.0,Tạm ổn,"Dùng tạm được, chưa thực sự ấn tượng.",2026-09-19T16:08:31Z,True,0,partner_api,vi,2026-09-19T16:08:31Z
rv_000186,galaxy_tab_s9,usr_1753,5.0,Great purchase,"Build quality is superb, feels very premium in hand.",2026-09-01T09:02:44Z,True,8,partner_api,en,2026-09-01T09:02:44Z
rv_000187,macbook_pro_m3,usr_6775,1.0,Không hài lòng,"Thiết kế dễ bám vân tay, loa ngoài hơi rè ở âm lượng lớn.",2026-08-23T23:11:50Z,True,40,web_crawler,vi,2026-08-23T23:11:50Z
rv_000188,xiaomi_14_pro,usr_5312,4.0,Tốt trong tầm giá,"Sản phẩm dùng rất mượt, pin trâu hơn mong đợi.",2026-09-20T15:07:26Z,True,32,mobile_app,vi,2026-09-20T15:07:26Z
rv_000189,galaxy_s24,usr_4416,4.0,Tốt trong tầm giá,"Rất hài lòng với quyết định nâng cấp lần này, 10/10.",2026-09-07T20:06:15Z,True,34,partner_api,vi,2026-09-07T20:06:15Z
rv_000190,xiaomi_14_pro,usr_8296,5.0,Rất hài lòng,"Chất lượng hoàn thiện tuyệt vời, màn hình rất đẹp và sáng.",2026-09-06T06:09:25Z,True,10,partner_api,vi,2026-09-06T06:09:25Z
rv_000191,rog_phone_8,usr_7154,5.0,Rất hài lòng,"Sản phẩm dùng rất mượt, pin trâu hơn mong đợi.",2026-09-13T04:24:27Z,True,15,web_crawler,vi,2026-09-13T04:24:27Z
rv_000192,galaxy_s24,usr_6165,5.0,Rất hài lòng,"Sản phẩm dùng rất mượt, pin trâu hơn mong đợi.",2026-09-15T14:30:46Z,True,18,mobile_app,vi,2026-09-15T14:30:46Z
rv_000193,macbook_pro_m3,usr_1045,4.0,Tốt trong tầm giá,"Sản phẩm dùng rất mượt, pin trâu hơn mong đợi.",2026-08-28T08:27:23Z,True,25,web_crawler,vi,2026-08-28T08:27:23Z
rv_000194,galaxy_tab_s9,usr_5379,5.0,Rất hài lòng,"Chất lượng hoàn thiện tuyệt vời, màn hình rất đẹp và sáng.",2026-09-07T13:48:58Z,True,35,web_crawler,vi,2026-09-07T13:48:58Z
rv_000195,iphone_15,usr_8545,4.0,Good overall,Battery life easily lasts through a full heavy-use day.,2026-09-02T10:36:04Z,True,24,mobile_app,en,2026-09-02T10:36:04Z
rv_000196,galaxy_s24_ultra,usr_1069,4.0,Good overall,"Build quality is superb, feels very premium in hand.",2026-09-05T19:14:00Z,True,26,partner_api,en,2026-09-05T19:14:00Z
rv_000197,galaxy_tab_s9,usr_6922,5.0,Rất hài lòng,"Camera chụp đêm rất ấn tượng, độ chi tiết cao.",2026-09-11T17:56:31Z,True,23,partner_api,vi,2026-09-11T17:56:31Z
rv_000198,thinkpad_x1_carbon,usr_4722,5.0,Rất hài lòng,"Giao hàng nhanh, đóng gói cẩn thận, dùng 2 tuần chưa thấy lỗi gì.",2026-09-22T16:28:07Z,True,21,web_crawler,vi,2026-09-22T16:28:07Z
rv_000199,macbook_air_m3,usr_1003,5.0,Great purchase,"Build quality is superb, feels very premium in hand.",2026-08-26T08:27:38Z,True,42,web_crawler,en,2026-08-26T08:27:38Z
rv_000200,pixel_8_pro,usr_6414,4.0,Tốt trong tầm giá,"Giao hàng nhanh, đóng gói cẩn thận, dùng 2 tuần chưa thấy lỗi gì.",2026-09-09T12:18:33Z,True,7,mobile_app,vi,2026-09-09T12:18:33Z
rv_000201,macbook_air_m3,usr_8650,5.0,Rất hài lòng,"Rất hài lòng với quyết định nâng cấp lần này, 10/10.",2026-08-29T20:27:49Z,True,22,mobile_app,vi,2026-08-29T20:27:49Z
rv_000202,pixel_8_pro,usr_8603,5.0,Great purchase,Cameras are outstanding in low light conditions.,2026-09-10T07:55:26Z,True,7,web_crawler,en,2026-09-10T07:55:26Z
rv_000203,pixel_8_pro,usr_6846,4.0,Tốt trong tầm giá,"Rất hài lòng với quyết định nâng cấp lần này, 10/10.",2026-09-13T15:02:01Z,True,4,mobile_app,vi,2026-09-13T15:02:01Z
rv_000204,iphone_15_pro,usr_5242,1.0,Không hài lòng,"Thiết kế dễ bám vân tay, loa ngoài hơi rè ở âm lượng lớn.",2026-08-26T19:31:47Z,True,21,partner_api,vi,2026-08-26T19:31:47Z
rv_000205,iphone_15,usr_9374,5.0,Great purchase,Highly recommended! Worth every single penny.,2026-09-05T19:18:25Z,False,3,mobile_app,en,2026-09-05T19:18:25Z
rv_000206,macbook_air_m3,usr_1087,5.0,Great purchase,Battery life easily lasts through a full heavy-use day.,2026-08-31T22:01:05Z,True,11,mobile_app,en,2026-08-31T22:01:05Z
rv_000207,rog_phone_8,usr_5901,4.0,Tốt trong tầm giá,"Giao hàng nhanh, đóng gói cẩn thận, dùng 2 tuần chưa thấy lỗi gì.",2026-08-22T15:40:26Z,False,25,web_crawler,vi,2026-08-22T15:40:26Z
rv_000208,macbook_pro_m3,usr_1206,2.0,Khá thất vọng,Sau cập nhật phần mềm xuất hiện sọc màn hình nhẹ.,2026-09-20T15:54:29Z,True,12,partner_api,vi,2026-09-20T15:54:29Z
rv_000209,dell_xps_15,usr_4881,5.0,Rất hài lòng,"Chất lượng hoàn thiện tuyệt vời, màn hình rất đẹp và sáng.",2026-09-02T04:14:31Z,True,9,partner_api,vi,2026-09-02T04:14:31Z
rv_000210,sony_wh1000xm5,usr_5175,4.0,Good overall,"Build quality is superb, feels very premium in hand.",2026-09-01T10:29:30Z,True,32,mobile_app,en,2026-09-01T10:29:30Z
rv_000211,xiaomi_14_pro,usr_4094,4.0,Good overall,Highly recommended! Worth every single penny.,2026-09-02T05:36:20Z,True,23,mobile_app,en,2026-09-02T05:36:20Z
rv_000212,macbook_air_m3,usr_1084,5.0,Rất hài lòng,"Giao hàng nhanh, đóng gói cẩn thận, dùng 2 tuần chưa thấy lỗi gì.",2026-09-09T22:13:20Z,True,39,web_crawler,vi,2026-09-09T22:13:20Z
rv_000213,ipad_pro_m4,usr_1585,5.0,Rất hài lòng,"Sản phẩm dùng rất mượt, pin trâu hơn mong đợi.",2026-09-02T20:15:32Z,True,27,web_crawler,vi,2026-09-02T20:15:32Z
rv_000214,iphone_15,usr_4752,3.0,Tạm ổn,"Dùng tạm được, chưa thực sự ấn tượng.",2026-09-03T00:41:59Z,True,15,mobile_app,vi,2026-09-03T00:41:59Z
rv_000215,dell_xps_15,usr_4798,5.0,Rất hài lòng,"Sản phẩm dùng rất mượt, pin trâu hơn mong đợi.",2026-09-10T23:49:21Z,True,44,mobile_app,vi,2026-09-10T23:49:21Z
rv_000216,iphone_15,usr_9438,4.0,Tốt trong tầm giá,"Camera chụp đêm rất ấn tượng, độ chi tiết cao.",2026-09-23T17:59:46Z,True,11,mobile_app,vi,2026-09-23T17:59:46Z
rv_000217,airpods_pro_2,usr_3857,5.0,Rất hài lòng,"Giao hàng nhanh, đóng gói cẩn thận, dùng 2 tuần chưa thấy lỗi gì.",2026-08-25T12:10:27Z,True,42,web_crawler,vi,2026-08-25T12:10:27Z
rv_000218,ipad_pro_m4,usr_6976,5.0,Great purchase,"Build quality is superb, feels very premium in hand.",2026-09-06T08:49:11Z,True,35,mobile_app,en,2026-09-06T08:49:11Z
rv_000219,xiaomi_14_pro,usr_8146,4.0,Good overall,Battery life easily lasts through a full heavy-use day.,2026-09-08T09:19:13Z,True,38,web_crawler,en,2026-09-08T09:19:13Z
rv_000220,ipad_pro_m4,usr_8867,5.0,Great purchase,"Build quality is superb, feels very premium in hand.",2026-09-08T18:22:36Z,True,19,mobile_app,en,2026-09-08T18:22:36Z
rv_000221,pixel_8_pro,usr_4688,4.0,Good overall,"Excellent device, blazing fast performance and gorgeous display.",2026-09-16T13:49:38Z,True,42,partner_api,en,2026-09-16T13:49:38Z
rv_000222,galaxy_s24,usr_2672,4.0,Good overall,"Build quality is superb, feels very premium in hand.",2026-09-11T01:06:05Z,True,20,partner_api,en,2026-09-11T01:06:05Z
rv_000223,iphone_15_pro,usr_3697,5.0,Great purchase,"Excellent device, blazing fast performance and gorgeous display.",2026-08-20T02:48:43Z,True,19,partner_api,en,2026-08-20T02:48:43Z
rv_000224,pixel_8_pro,usr_8379,5.0,Rất hài lòng,"Rất hài lòng với quyết định nâng cấp lần này, 10/10.",2026-09-19T14:51:51Z,True,21,web_crawler,vi,2026-09-19T14:51:51Z
rv_000225,sony_wh1000xm5,usr_4184,5.0,Rất hài lòng,"Sản phẩm dùng rất mượt, pin trâu hơn mong đợi.",2026-09-06T03:13:16Z,True,5,web_crawler,vi,2026-09-06T03:13:16Z
rv_000226,iphone_15,usr_5157,4.0,Tốt trong tầm giá,"Camera chụp đêm rất ấn tượng, độ chi tiết cao.",2026-08-24T18:02:49Z,True,32,web_crawler,vi,2026-08-24T18:02:49Z
rv_000227,airpods_pro_2,usr_9964,1.0,Không hài lòng,Máy nhanh nóng khi dùng 4G hoặc quay video 4K.,2026-09-18T11:15:10Z,True,4,partner_api,vi,2026-09-18T11:15:10Z
rv_000228,macbook_air_m3,usr_6866,5.0,Rất hài lòng,"Chất lượng hoàn thiện tuyệt vời, màn hình rất đẹp và sáng.",2026-09-13T20:57:20Z,True,19,partner_api,vi,2026-09-13T20:57:20Z
rv_000229,macbook_pro_m3,usr_9875,5.0,Rất hài lòng,"Rất hài lòng với quyết định nâng cấp lần này, 10/10.",2026-08-20T11:04:08Z,True,28,partner_api,vi,2026-08-20T11:04:08Z
rv_000230,rog_phone_8,usr_2080,5.0,Rất hài lòng,"Giao hàng nhanh, đóng gói cẩn thận, dùng 2 tuần chưa thấy lỗi gì.",2026-08-25T08:02:10Z,True,24,partner_api,vi,2026-08-25T08:02:10Z
rv_000231,rog_phone_8,usr_4144,5.0,Great purchase,Battery life easily lasts through a full heavy-use day.,2026-09-17T17:20:43Z,True,0,web_crawler,en,2026-09-17T17:20:43Z
rv_000232,galaxy_tab_s9,usr_2286,3.0,Tạm ổn,"Dùng tạm được, chưa thực sự ấn tượng.",2026-09-09T07:17:20Z,False,16,web_crawler,vi,2026-09-09T07:17:20Z
rv_000233,galaxy_tab_s9,usr_3275,5.0,Rất hài lòng,"Giao hàng nhanh, đóng gói cẩn thận, dùng 2 tuần chưa thấy lỗi gì.",2026-09-02T09:20:35Z,True,10,partner_api,vi,2026-09-02T09:20:35Z
rv_000234,dell_xps_15,usr_4396,4.0,Tốt trong tầm giá,"Rất hài lòng với quyết định nâng cấp lần này, 10/10.",2026-08-22T11:31:00Z,True,20,web_crawler,vi,2026-08-22T11:31:00Z
rv_000235,pixel_8_pro,usr_5715,3.0,Average,"Decent, but expected more.",2026-09-14T17:53:01Z,False,32,web_crawler,en,2026-09-14T17:53:01Z
rv_000236,iphone_15,usr_2553,1.0,Không hài lòng,Giá hơi đắt so với trải nghiệm thực tế mang lại.,2026-08-23T06:08:28Z,True,27,mobile_app,vi,2026-08-23T06:08:28Z
rv_000237,iphone_15_pro,usr_2115,1.0,Poor quality,Customer service was unresponsive when reporting cosmetic defect.,2026-08-24T21:19:44Z,True,31,partner_api,en,2026-08-24T21:19:44Z
rv_000238,rog_phone_8,usr_6951,5.0,Great purchase,"Excellent device, blazing fast performance and gorgeous display.",2026-09-21T16:04:10Z,True,0,mobile_app,en,2026-09-21T16:04:10Z
rv_000239,ipad_pro_m4,usr_3092,5.0,Great purchase,Battery life easily lasts through a full heavy-use day.,2026-09-06T06:33:03Z,False,24,partner_api,en,2026-09-06T06:33:03Z
rv_000240,ipad_pro_m4,usr_5198,5.0,Rất hài lòng,"Rất hài lòng với quyết định nâng cấp lần này, 10/10.",2026-09-03T10:42:26Z,True,23,web_crawler,vi,2026-09-03T10:42:26Z
rv_000241,dell_xps_15,usr_5236,5.0,Great purchase,Cameras are outstanding in low light conditions.,2026-09-04T12:38:44Z,True,38,mobile_app,en,2026-09-04T12:38:44Z
rv_000242,galaxy_tab_s9,usr_3403,5.0,Great purchase,"Excellent device, blazing fast performance and gorgeous display.",2026-08-30T07:03:12Z,True,26,partner_api,en,2026-08-30T07:03:12Z
rv_000243,thinkpad_x1_carbon,usr_3072,5.0,Rất hài lòng,"Sản phẩm dùng rất mượt, pin trâu hơn mong đợi.",2026-08-21T02:09:15Z,True,0,web_crawler,vi,2026-08-21T02:09:15Z
rv_000244,macbook_air_m3,usr_9750,5.0,Rất hài lòng,"Sản phẩm dùng rất mượt, pin trâu hơn mong đợi.",2026-08-30T09:56:43Z,True,25,mobile_app,vi,2026-08-30T09:56:43Z
rv_000245,rog_phone_8,usr_6902,3.0,Average,"Decent, but expected more.",2026-09-17T14:31:57Z,False,4,partner_api,en,2026-09-17T14:31:57Z
rv_000246,ipad_pro_m4,usr_2564,5.0,Great purchase,Battery life easily lasts through a full heavy-use day.,2026-09-19T00:21:46Z,False,0,partner_api,en,2026-09-19T00:21:46Z
rv_000247,galaxy_s24,usr_6773,5.0,Rất hài lòng,"Camera chụp đêm rất ấn tượng, độ chi tiết cao.",2026-08-28T02:50:59Z,True,40,partner_api,vi,2026-08-28T02:50:59Z
rv_000248,iphone_15,usr_1281,5.0,Great purchase,Battery life easily lasts through a full heavy-use day.,2026-09-17T10:29:02Z,True,41,partner_api,en,2026-09-17T10:29:02Z
rv_000249,dell_xps_15,usr_4546,5.0,Great purchase,Cameras are outstanding in low light conditions.,2026-09-15T10:01:25Z,False,12,partner_api,en,2026-09-15T10:01:25Z
rv_000250,iphone_15_pro,usr_9478,4.0,Good overall,Cameras are outstanding in low light conditions.,2026-09-04T01:09:05Z,True,17,web_crawler,en,2026-09-04T01:09:05Z
rv_000251,macbook_pro_m3,usr_5238,2.0,Khá thất vọng,Giá hơi đắt so với trải nghiệm thực tế mang lại.,2026-09-10T08:51:45Z,True,40,web_crawler,vi,2026-09-10T08:51:45Z
rv_000252,iphone_15,usr_6855,5.0,Rất hài lòng,"Rất hài lòng với quyết định nâng cấp lần này, 10/10.",2026-08-27T13:07:36Z,False,7,web_crawler,vi,2026-08-27T13:07:36Z
rv_000253,airpods_pro_2,usr_7246,4.0,Tốt trong tầm giá,"Sản phẩm dùng rất mượt, pin trâu hơn mong đợi.",2026-08-21T19:47:21Z,True,16,mobile_app,vi,2026-08-21T19:47:21Z
rv_000254,iphone_15,usr_2755,4.0,Good overall,"Excellent device, blazing fast performance and gorgeous display.",2026-08-23T04:39:40Z,True,43,mobile_app,en,2026-08-23T04:39:40Z
rv_000255,xiaomi_14_pro,usr_6099,5.0,Rất hài lòng,"Rất hài lòng với quyết định nâng cấp lần này, 10/10.",2026-08-22T20:05:40Z,True,29,web_crawler,vi,2026-08-22T20:05:40Z
rv_000256,rog_phone_8,usr_7096,5.0,Rất hài lòng,"Chất lượng hoàn thiện tuyệt vời, màn hình rất đẹp và sáng.",2026-09-12T08:04:35Z,True,14,partner_api,vi,2026-09-12T08:04:35Z
rv_000257,rog_phone_8,usr_1107,5.0,Rất hài lòng,"Rất hài lòng với quyết định nâng cấp lần này, 10/10.",2026-09-15T00:21:54Z,True,15,partner_api,vi,2026-09-15T00:21:54Z
rv_000258,dell_xps_15,usr_5670,4.0,Tốt trong tầm giá,"Rất hài lòng với quyết định nâng cấp lần này, 10/10.",2026-09-17T18:40:03Z,True,45,mobile_app,vi,2026-09-17T18:40:03Z
rv_000259,thinkpad_x1_carbon,usr_6565,4.0,Tốt trong tầm giá,"Rất hài lòng với quyết định nâng cấp lần này, 10/10.",2026-08-21T06:38:01Z,False,12,web_crawler,vi,2026-08-21T06:38:01Z
rv_000260,rog_phone_8,usr_7392,5.0,Rất hài lòng,"Rất hài lòng với quyết định nâng cấp lần này, 10/10.",2026-08-31T22:38:19Z,True,19,mobile_app,vi,2026-08-31T22:38:19Z
rv_000261,pixel_8_pro,usr_6419,4.0,Tốt trong tầm giá,"Chất lượng hoàn thiện tuyệt vời, màn hình rất đẹp và sáng.",2026-08-28T12:49:10Z,True,13,mobile_app,vi,2026-08-28T12:49:10Z
rv_000262,rog_phone_8,usr_2234,1.0,Không hài lòng,Giá hơi đắt so với trải nghiệm thực tế mang lại.,2026-09-04T19:33:22Z,True,3,web_crawler,vi,2026-09-04T19:33:22Z
rv_000263,ipad_pro_m4,usr_5112,4.0,Good overall,"Excellent device, blazing fast performance and gorgeous display.",2026-09-12T06:53:04Z,True,22,mobile_app,en,2026-09-12T06:53:04Z
rv_000264,sony_wh1000xm5,usr_9073,4.0,Tốt trong tầm giá,"Camera chụp đêm rất ấn tượng, độ chi tiết cao.",2026-09-09T18:36:10Z,True,10,web_crawler,vi,2026-09-09T18:36:10Z
rv_000265,iphone_15,usr_9061,5.0,Rất hài lòng,"Camera chụp đêm rất ấn tượng, độ chi tiết cao.",2026-09-04T07:39:06Z,True,25,partner_api,vi,2026-09-04T07:39:06Z
rv_000266,ipad_pro_m4,usr_4294,5.0,Great purchase,Cameras are outstanding in low light conditions.,2026-08-28T18:29:27Z,True,45,partner_api,en,2026-08-28T18:29:27Z
rv_000267,iphone_15_pro,usr_8702,3.0,Average,"Decent, but expected more.",2026-08-27T13:33:02Z,True,28,mobile_app,en,2026-08-27T13:33:02Z
rv_000268,iphone_15_pro,usr_2109,5.0,Great purchase,"Excellent device, blazing fast performance and gorgeous display.",2026-09-01T00:57:23Z,True,2,partner_api,en,2026-09-01T00:57:23Z
rv_000269,ipad_pro_m4,usr_6064,5.0,Rất hài lòng,"Chất lượng hoàn thiện tuyệt vời, màn hình rất đẹp và sáng.",2026-08-25T11:12:20Z,True,3,mobile_app,vi,2026-08-25T11:12:20Z
rv_000270,thinkpad_x1_carbon,usr_3121,5.0,Rất hài lòng,"Giao hàng nhanh, đóng gói cẩn thận, dùng 2 tuần chưa thấy lỗi gì.",2026-09-22T07:39:47Z,True,27,partner_api,vi,2026-09-22T07:39:47Z
rv_000271,xiaomi_14_pro,usr_6462,4.0,Tốt trong tầm giá,"Giao hàng nhanh, đóng gói cẩn thận, dùng 2 tuần chưa thấy lỗi gì.",2026-09-11T20:05:02Z,True,35,web_crawler,vi,2026-09-11T20:05:02Z
rv_000272,rog_phone_8,usr_4298,5.0,Rất hài lòng,"Sản phẩm dùng rất mượt, pin trâu hơn mong đợi.",2026-09-20T20:46:34Z,True,15,mobile_app,vi,2026-09-20T20:46:34Z
rv_000273,xiaomi_14_pro,usr_7809,5.0,Rất hài lòng,"Giao hàng nhanh, đóng gói cẩn thận, dùng 2 tuần chưa thấy lỗi gì.",2026-09-14T03:34:56Z,True,11,web_crawler,vi,2026-09-14T03:34:56Z
rv_000274,ipad_pro_m4,usr_1983,4.0,Tốt trong tầm giá,"Camera chụp đêm rất ấn tượng, độ chi tiết cao.",2026-09-03T19:33:08Z,True,6,web_crawler,vi,2026-09-03T19:33:08Z
rv_000275,macbook_air_m3,usr_2660,4.0,Tốt trong tầm giá,"Giao hàng nhanh, đóng gói cẩn thận, dùng 2 tuần chưa thấy lỗi gì.",2026-08-29T03:37:21Z,True,26,mobile_app,vi,2026-08-29T03:37:21Z
rv_000276,galaxy_s24_ultra,usr_4277,5.0,Rất hài lòng,"Camera chụp đêm rất ấn tượng, độ chi tiết cao.",2026-08-22T16:54:38Z,True,29,mobile_app,vi,2026-08-22T16:54:38Z
rv_000277,galaxy_s24,usr_4925,4.0,Tốt trong tầm giá,"Sản phẩm dùng rất mượt, pin trâu hơn mong đợi.",2026-09-01T09:46:41Z,True,36,mobile_app,vi,2026-09-01T09:46:41Z
rv_000278,dell_xps_15,usr_8990,1.0,Không hài lòng,"Thiết kế dễ bám vân tay, loa ngoài hơi rè ở âm lượng lớn.",2026-09-21T14:59:22Z,True,34,mobile_app,vi,2026-09-21T14:59:22Z
rv_000279,ipad_pro_m4,usr_6745,5.0,Rất hài lòng,"Camera chụp đêm rất ấn tượng, độ chi tiết cao.",2026-09-01T07:25:02Z,True,35,partner_api,vi,2026-09-01T07:25:02Z
rv_000280,macbook_air_m3,usr_5642,5.0,Rất hài lòng,"Sản phẩm dùng rất mượt, pin trâu hơn mong đợi.",2026-09-16T05:58:46Z,True,24,partner_api,vi,2026-09-16T05:58:46Z
rv_000281,xiaomi_14_pro,usr_4713,5.0,Great purchase,Highly recommended! Worth every single penny.,2026-09-02T08:17:39Z,False,4,web_crawler,en,2026-09-02T08:17:39Z
rv_000282,galaxy_tab_s9,usr_9336,1.0,Poor quality,Battery drainage issue observed after recent firmware update.,2026-09-20T14:02:57Z,True,32,partner_api,en,2026-09-20T14:02:57Z
rv_000283,iphone_15_pro,usr_6929,5.0,Rất hài lòng,"Giao hàng nhanh, đóng gói cẩn thận, dùng 2 tuần chưa thấy lỗi gì.",2026-09-07T16:09:34Z,True,35,mobile_app,vi,2026-09-07T16:09:34Z
rv_000284,iphone_15,usr_4878,5.0,Rất hài lòng,"Camera chụp đêm rất ấn tượng, độ chi tiết cao.",2026-09-23T00:45:12Z,True,18,web_crawler,vi,2026-09-23T00:45:12Z
rv_000285,thinkpad_x1_carbon,usr_8566,4.0,Good overall,"Build quality is superb, feels very premium in hand.",2026-09-06T07:02:42Z,False,31,partner_api,en,2026-09-06T07:02:42Z
rv_000286,galaxy_tab_s9,usr_8637,5.0,Great purchase,"Build quality is superb, feels very premium in hand.",2026-09-09T16:14:24Z,True,20,web_crawler,en,2026-09-09T16:14:24Z
rv_000287,thinkpad_x1_carbon,usr_4071,4.0,Good overall,Highly recommended! Worth every single penny.,2026-09-07T14:43:10Z,True,11,web_crawler,en,2026-09-07T14:43:10Z
rv_000288,dell_xps_15,usr_8325,5.0,Rất hài lòng,"Camera chụp đêm rất ấn tượng, độ chi tiết cao.",2026-08-30T16:19:46Z,True,17,mobile_app,vi,2026-08-30T16:19:46Z
rv_000289,dell_xps_15,usr_5510,2.0,Khá thất vọng,Giá hơi đắt so với trải nghiệm thực tế mang lại.,2026-08-25T11:35:08Z,True,17,partner_api,vi,2026-08-25T11:35:08Z
rv_000290,sony_wh1000xm5,usr_1662,5.0,Rất hài lòng,"Sản phẩm dùng rất mượt, pin trâu hơn mong đợi.",2026-09-06T08:31:38Z,True,12,mobile_app,vi,2026-09-06T08:31:38Z
rv_000291,macbook_air_m3,usr_2309,5.0,Rất hài lòng,"Sản phẩm dùng rất mượt, pin trâu hơn mong đợi.",2026-08-21T01:56:38Z,True,14,web_crawler,vi,2026-08-21T01:56:38Z
rv_000292,sony_wh1000xm5,usr_5267,5.0,Great purchase,Highly recommended! Worth every single penny.,2026-09-08T15:13:43Z,False,21,web_crawler,en,2026-09-08T15:13:43Z
rv_000293,iphone_15,usr_6262,3.0,Average,"Decent, but expected more.",2026-08-31T18:03:28Z,True,34,web_crawler,en,2026-08-31T18:03:28Z
rv_000294,rog_phone_8,usr_9167,4.0,Tốt trong tầm giá,"Sản phẩm dùng rất mượt, pin trâu hơn mong đợi.",2026-09-23T06:52:51Z,True,2,partner_api,vi,2026-09-23T06:52:51Z
rv_000295,pixel_8_pro,usr_1663,5.0,Rất hài lòng,"Giao hàng nhanh, đóng gói cẩn thận, dùng 2 tuần chưa thấy lỗi gì.",2026-09-12T21:00:37Z,False,28,mobile_app,vi,2026-09-12T21:00:37Z
rv_000296,thinkpad_x1_carbon,usr_1895,5.0,Great purchase,Highly recommended! Worth every single penny.,2026-09-10T15:33:14Z,True,33,web_crawler,en,2026-09-10T15:33:14Z
rv_000297,galaxy_s24,usr_3988,5.0,Rất hài lòng,"Camera chụp đêm rất ấn tượng, độ chi tiết cao.",2026-09-08T01:52:50Z,True,40,web_crawler,vi,2026-09-08T01:52:50Z
rv_000298,airpods_pro_2,usr_8069,5.0,Rất hài lòng,"Giao hàng nhanh, đóng gói cẩn thận, dùng 2 tuần chưa thấy lỗi gì.",2026-08-26T14:59:46Z,True,15,partner_api,vi,2026-08-26T14:59:46Z
rv_000299,airpods_pro_2,usr_4040,5.0,Great purchase,Highly recommended! Worth every single penny.,2026-09-04T15:42:42Z,True,20,partner_api,en,2026-09-04T15:42:42Z
rv_000300,galaxy_s24,usr_1057,3.0,Tạm ổn,"Dùng tạm được, chưa thực sự ấn tượng.",2026-09-21T13:02:22Z,True,23,web_crawler,vi,2026-09-21T13:02:22Z
rv_000301,pixel_8_pro,usr_2319,5.0,Great purchase,"Excellent device, blazing fast performance and gorgeous display.",2026-09-14T07:45:06Z,True,11,web_crawler,en,2026-09-14T07:45:06Z
rv_000302,thinkpad_x1_carbon,usr_6369,4.0,Tốt trong tầm giá,"Sản phẩm dùng rất mượt, pin trâu hơn mong đợi.",2026-08-23T11:20:08Z,True,5,mobile_app,vi,2026-08-23T11:20:08Z
rv_000303,airpods_pro_2,usr_9941,5.0,Great purchase,"Excellent device, blazing fast performance and gorgeous display.",2026-09-14T19:40:58Z,True,20,mobile_app,en,2026-09-14T19:40:58Z
rv_000304,iphone_15,usr_3306,5.0,Rất hài lòng,"Giao hàng nhanh, đóng gói cẩn thận, dùng 2 tuần chưa thấy lỗi gì.",2026-09-09T05:51:26Z,True,30,mobile_app,vi,2026-09-09T05:51:26Z
rv_000305,rog_phone_8,usr_9567,4.0,Good overall,Highly recommended! Worth every single penny.,2026-08-29T00:08:57Z,True,23,mobile_app,en,2026-08-29T00:08:57Z
rv_000306,sony_wh1000xm5,usr_8878,4.0,Tốt trong tầm giá,"Camera chụp đêm rất ấn tượng, độ chi tiết cao.",2026-08-25T05:46:41Z,True,2,partner_api,vi,2026-08-25T05:46:41Z
rv_000307,airpods_pro_2,usr_8903,5.0,Rất hài lòng,"Rất hài lòng với quyết định nâng cấp lần này, 10/10.",2026-09-11T20:59:03Z,True,8,web_crawler,vi,2026-09-11T20:59:03Z
rv_000308,iphone_15,usr_7016,3.0,Tạm ổn,"Dùng tạm được, chưa thực sự ấn tượng.",2026-08-30T11:32:32Z,True,22,partner_api,vi,2026-08-30T11:32:32Z
rv_000309,dell_xps_15,usr_6089,2.0,Khá thất vọng,Máy nhanh nóng khi dùng 4G hoặc quay video 4K.,2026-08-27T12:21:03Z,True,22,web_crawler,vi,2026-08-27T12:21:03Z
rv_000310,pixel_8_pro,usr_2494,5.0,Rất hài lòng,"Rất hài lòng với quyết định nâng cấp lần này, 10/10.",2026-09-09T07:15:26Z,True,10,partner_api,vi,2026-09-09T07:15:26Z
rv_000311,iphone_15_pro,usr_9629,5.0,Rất hài lòng,"Rất hài lòng với quyết định nâng cấp lần này, 10/10.",2026-08-31T02:25:14Z,True,42,mobile_app,vi,2026-08-31T02:25:14Z
rv_000312,galaxy_s24_ultra,usr_5088,5.0,Rất hài lòng,"Rất hài lòng với quyết định nâng cấp lần này, 10/10.",2026-09-10T22:48:23Z,True,35,partner_api,vi,2026-09-10T22:48:23Z
rv_000313,xiaomi_14_pro,usr_1687,5.0,Rất hài lòng,"Chất lượng hoàn thiện tuyệt vời, màn hình rất đẹp và sáng.",2026-09-08T16:01:56Z,True,19,web_crawler,vi,2026-09-08T16:01:56Z
rv_000314,rog_phone_8,usr_7388,5.0,Rất hài lòng,"Camera chụp đêm rất ấn tượng, độ chi tiết cao.",2026-09-02T09:30:01Z,True,12,partner_api,vi,2026-09-02T09:30:01Z
rv_000315,airpods_pro_2,usr_2965,5.0,Great purchase,Highly recommended! Worth every single penny.,2026-08-20T19:14:03Z,True,15,mobile_app,en,2026-08-20T19:14:03Z
rv_000316,dell_xps_15,usr_3110,5.0,Great purchase,Battery life easily lasts through a full heavy-use day.,2026-09-16T12:47:25Z,False,13,mobile_app,en,2026-09-16T12:47:25Z
rv_000317,macbook_air_m3,usr_1581,3.0,Tạm ổn,"Dùng tạm được, chưa thực sự ấn tượng.",2026-09-21T17:32:45Z,True,37,mobile_app,vi,2026-09-21T17:32:45Z
rv_000318,sony_wh1000xm5,usr_6637,5.0,Great purchase,Battery life easily lasts through a full heavy-use day.,2026-09-07T10:57:41Z,True,21,web_crawler,en,2026-09-07T10:57:41Z
rv_000319,galaxy_s24,usr_7218,5.0,Great purchase,Battery life easily lasts through a full heavy-use day.,2026-09-01T05:38:22Z,False,34,mobile_app,en,2026-09-01T05:38:22Z
rv_000320,sony_wh1000xm5,usr_9107,5.0,Rất hài lòng,"Sản phẩm dùng rất mượt, pin trâu hơn mong đợi.",2026-09-04T03:27:50Z,True,43,partner_api,vi,2026-09-04T03:27:50Z
rv_000321,iphone_15,usr_3858,4.0,Good overall,Cameras are outstanding in low light conditions.,2026-09-04T21:27:41Z,True,27,partner_api,en,2026-09-04T21:27:41Z
rv_000322,dell_xps_15,usr_9807,3.0,Tạm ổn,"Dùng tạm được, chưa thực sự ấn tượng.",2026-08-31T01:59:09Z,True,12,web_crawler,vi,2026-08-31T01:59:09Z
rv_000323,dell_xps_15,usr_8290,5.0,Rất hài lòng,"Rất hài lòng với quyết định nâng cấp lần này, 10/10.",2026-09-05T06:17:48Z,True,20,mobile_app,vi,2026-09-05T06:17:48Z
rv_000324,sony_wh1000xm5,usr_2999,5.0,Rất hài lòng,"Rất hài lòng với quyết định nâng cấp lần này, 10/10.",2026-08-26T00:50:56Z,True,43,partner_api,vi,2026-08-26T00:50:56Z
rv_000325,iphone_15,usr_9993,4.0,Tốt trong tầm giá,"Camera chụp đêm rất ấn tượng, độ chi tiết cao.",2026-09-16T12:56:29Z,True,29,mobile_app,vi,2026-09-16T12:56:29Z
rv_000326,thinkpad_x1_carbon,usr_1393,5.0,Great purchase,Cameras are outstanding in low light conditions.,2026-09-13T01:54:50Z,True,5,partner_api,en,2026-09-13T01:54:50Z
rv_000327,iphone_15,usr_8511,5.0,Great purchase,Cameras are outstanding in low light conditions.,2026-09-18T08:58:00Z,True,23,web_crawler,en,2026-09-18T08:58:00Z
rv_000328,pixel_8_pro,usr_5858,4.0,Tốt trong tầm giá,"Rất hài lòng với quyết định nâng cấp lần này, 10/10.",2026-09-10T12:36:05Z,True,41,mobile_app,vi,2026-09-10T12:36:05Z
rv_000329,dell_xps_15,usr_5105,1.0,Không hài lòng,"Thiết kế dễ bám vân tay, loa ngoài hơi rè ở âm lượng lớn.",2026-09-07T20:37:14Z,True,21,web_crawler,vi,2026-09-07T20:37:14Z
rv_000330,galaxy_tab_s9,usr_7740,5.0,Rất hài lòng,"Rất hài lòng với quyết định nâng cấp lần này, 10/10.",2026-09-05T06:27:58Z,True,3,partner_api,vi,2026-09-05T06:27:58Z
rv_000331,thinkpad_x1_carbon,usr_1099,4.0,Tốt trong tầm giá,"Sản phẩm dùng rất mượt, pin trâu hơn mong đợi.",2026-09-17T06:54:33Z,True,30,mobile_app,vi,2026-09-17T06:54:33Z
rv_000332,galaxy_tab_s9,usr_1813,5.0,Great purchase,"Build quality is superb, feels very premium in hand.",2026-09-10T06:03:42Z,True,10,partner_api,en,2026-09-10T06:03:42Z
rv_000333,iphone_15,usr_1984,5.0,Rất hài lòng,"Camera chụp đêm rất ấn tượng, độ chi tiết cao.",2026-09-04T19:04:19Z,True,4,mobile_app,vi,2026-09-04T19:04:19Z
rv_000334,galaxy_s24_ultra,usr_6933,5.0,Rất hài lòng,"Chất lượng hoàn thiện tuyệt vời, màn hình rất đẹp và sáng.",2026-09-02T16:54:43Z,True,8,mobile_app,vi,2026-09-02T16:54:43Z
rv_000335,sony_wh1000xm5,usr_4013,5.0,Rất hài lòng,"Giao hàng nhanh, đóng gói cẩn thận, dùng 2 tuần chưa thấy lỗi gì.",2026-08-29T20:47:22Z,True,10,partner_api,vi,2026-08-29T20:47:22Z
rv_000336,ipad_pro_m4,usr_4784,5.0,Rất hài lòng,"Giao hàng nhanh, đóng gói cẩn thận, dùng 2 tuần chưa thấy lỗi gì.",2026-09-12T03:11:16Z,True,36,web_crawler,vi,2026-09-12T03:11:16Z
rv_000337,dell_xps_15,usr_4700,5.0,Rất hài lòng,"Rất hài lòng với quyết định nâng cấp lần này, 10/10.",2026-09-21T02:06:03Z,True,29,web_crawler,vi,2026-09-21T02:06:03Z
rv_000338,dell_xps_15,usr_4434,5.0,Rất hài lòng,"Chất lượng hoàn thiện tuyệt vời, màn hình rất đẹp và sáng.",2026-09-21T09:58:29Z,True,3,mobile_app,vi,2026-09-21T09:58:29Z
rv_000339,galaxy_s24_ultra,usr_7920,5.0,Rất hài lòng,"Giao hàng nhanh, đóng gói cẩn thận, dùng 2 tuần chưa thấy lỗi gì.",2026-08-21T23:23:38Z,True,4,web_crawler,vi,2026-08-21T23:23:38Z
rv_000340,airpods_pro_2,usr_9420,4.0,Tốt trong tầm giá,"Chất lượng hoàn thiện tuyệt vời, màn hình rất đẹp và sáng.",2026-09-23T18:54:26Z,True,6,partner_api,vi,2026-09-23T18:54:26Z
rv_000341,pixel_8_pro,usr_4300,5.0,Rất hài lòng,"Sản phẩm dùng rất mượt, pin trâu hơn mong đợi.",2026-09-11T11:18:19Z,True,42,web_crawler,vi,2026-09-11T11:18:19Z
rv_000342,galaxy_s24,usr_3163,5.0,Rất hài lòng,"Rất hài lòng với quyết định nâng cấp lần này, 10/10.",2026-09-18T21:52:57Z,True,7,web_crawler,vi,2026-09-18T21:52:57Z
rv_000343,thinkpad_x1_carbon,usr_4700,5.0,Rất hài lòng,"Chất lượng hoàn thiện tuyệt vời, màn hình rất đẹp và sáng.",2026-08-23T12:08:52Z,True,5,web_crawler,vi,2026-08-23T12:08:52Z
rv_000344,pixel_8_pro,usr_3396,5.0,Great purchase,Cameras are outstanding in low light conditions.,2026-08-29T23:06:28Z,True,36,web_crawler,en,2026-08-29T23:06:28Z
rv_000345,macbook_air_m3,usr_3981,5.0,Great purchase,"Excellent device, blazing fast performance and gorgeous display.",2026-09-11T21:00:14Z,True,13,web_crawler,en,2026-09-11T21:00:14Z
rv_000346,pixel_8_pro,usr_7626,1.0,Không hài lòng,Giá hơi đắt so với trải nghiệm thực tế mang lại.,2026-09-11T21:57:26Z,True,19,mobile_app,vi,2026-09-11T21:57:26Z
rv_000347,ipad_pro_m4,usr_3604,5.0,Rất hài lòng,"Sản phẩm dùng rất mượt, pin trâu hơn mong đợi.",2026-09-07T03:35:25Z,True,40,partner_api,vi,2026-09-07T03:35:25Z
rv_000348,dell_xps_15,usr_1519,5.0,Rất hài lòng,"Camera chụp đêm rất ấn tượng, độ chi tiết cao.",2026-09-15T21:21:11Z,False,29,mobile_app,vi,2026-09-15T21:21:11Z
rv_000349,airpods_pro_2,usr_4903,4.0,Good overall,"Excellent device, blazing fast performance and gorgeous display.",2026-09-23T15:41:03Z,True,33,partner_api,en,2026-09-23T15:41:03Z
rv_000350,galaxy_s24,usr_7917,4.0,Good overall,"Build quality is superb, feels very premium in hand.",2026-09-19T09:35:58Z,True,33,mobile_app,en,2026-09-19T09:35:58Z
rv_000351,macbook_pro_m3,usr_3214,4.0,Tốt trong tầm giá,"Rất hài lòng với quyết định nâng cấp lần này, 10/10.",2026-08-23T17:41:56Z,True,9,partner_api,vi,2026-08-23T17:41:56Z
rv_000352,thinkpad_x1_carbon,usr_8232,5.0,Rất hài lòng,"Rất hài lòng với quyết định nâng cấp lần này, 10/10.",2026-09-14T12:57:36Z,False,45,web_crawler,vi,2026-09-14T12:57:36Z
rv_000353,dell_xps_15,usr_6797,5.0,Rất hài lòng,"Sản phẩm dùng rất mượt, pin trâu hơn mong đợi.",2026-09-20T09:48:33Z,True,0,web_crawler,vi,2026-09-20T09:48:33Z
rv_000354,macbook_air_m3,usr_5201,5.0,Great purchase,"Excellent device, blazing fast performance and gorgeous display.",2026-08-29T13:59:48Z,True,42,mobile_app,en,2026-08-29T13:59:48Z
rv_000355,macbook_pro_m3,usr_2963,5.0,Great purchase,"Excellent device, blazing fast performance and gorgeous display.",2026-09-19T08:12:10Z,True,26,mobile_app,en,2026-09-19T08:12:10Z
rv_000356,iphone_15_pro,usr_9496,4.0,Tốt trong tầm giá,"Rất hài lòng với quyết định nâng cấp lần này, 10/10.",2026-09-09T05:13:29Z,True,40,web_crawler,vi,2026-09-09T05:13:29Z
rv_000357,dell_xps_15,usr_3291,5.0,Rất hài lòng,"Chất lượng hoàn thiện tuyệt vời, màn hình rất đẹp và sáng.",2026-09-02T11:26:48Z,True,33,mobile_app,vi,2026-09-02T11:26:48Z
rv_000358,iphone_15_pro,usr_8314,5.0,Great purchase,Battery life easily lasts through a full heavy-use day.,2026-09-22T00:50:16Z,False,26,mobile_app,en,2026-09-22T00:50:16Z
rv_000359,rog_phone_8,usr_4504,4.0,Tốt trong tầm giá,"Rất hài lòng với quyết định nâng cấp lần này, 10/10.",2026-08-20T12:52:58Z,True,10,web_crawler,vi,2026-08-20T12:52:58Z
rv_000360,macbook_air_m3,usr_3483,5.0,Rất hài lòng,"Chất lượng hoàn thiện tuyệt vời, màn hình rất đẹp và sáng.",2026-09-02T00:24:38Z,True,28,web_crawler,vi,2026-09-02T00:24:38Z
rv_000361,galaxy_s24_ultra,usr_6502,5.0,Rất hài lòng,"Chất lượng hoàn thiện tuyệt vời, màn hình rất đẹp và sáng.",2026-08-20T07:10:33Z,True,44,web_crawler,vi,2026-08-20T07:10:33Z
rv_000362,macbook_pro_m3,usr_7680,2.0,Khá thất vọng,Giá hơi đắt so với trải nghiệm thực tế mang lại.,2026-08-25T11:35:58Z,True,37,partner_api,vi,2026-08-25T11:35:58Z
rv_000363,thinkpad_x1_carbon,usr_5959,5.0,Rất hài lòng,"Sản phẩm dùng rất mượt, pin trâu hơn mong đợi.",2026-09-06T18:23:45Z,True,34,mobile_app,vi,2026-09-06T18:23:45Z
rv_000364,galaxy_s24_ultra,usr_4622,4.0,Good overall,Highly recommended! Worth every single penny.,2026-09-16T14:22:32Z,True,7,web_crawler,en,2026-09-16T14:22:32Z
rv_000365,macbook_air_m3,usr_7927,5.0,Rất hài lòng,"Camera chụp đêm rất ấn tượng, độ chi tiết cao.",2026-08-28T03:49:58Z,True,16,web_crawler,vi,2026-08-28T03:49:58Z
rv_000366,galaxy_tab_s9,usr_9227,4.0,Tốt trong tầm giá,"Camera chụp đêm rất ấn tượng, độ chi tiết cao.",2026-08-30T19:28:14Z,False,36,web_crawler,vi,2026-08-30T19:28:14Z
rv_000367,xiaomi_14_pro,usr_2328,5.0,Great purchase,"Excellent device, blazing fast performance and gorgeous display.",2026-09-03T09:14:12Z,True,16,mobile_app,en,2026-09-03T09:14:12Z
rv_000368,iphone_15_pro,usr_1592,5.0,Rất hài lòng,"Giao hàng nhanh, đóng gói cẩn thận, dùng 2 tuần chưa thấy lỗi gì.",2026-09-14T07:32:25Z,True,8,mobile_app,vi,2026-09-14T07:32:25Z
rv_000369,macbook_pro_m3,usr_4010,5.0,Rất hài lòng,"Chất lượng hoàn thiện tuyệt vời, màn hình rất đẹp và sáng.",2026-09-03T14:40:37Z,True,23,mobile_app,vi,2026-09-03T14:40:37Z
rv_000370,rog_phone_8,usr_3439,4.0,Good overall,Battery life easily lasts through a full heavy-use day.,2026-09-02T09:32:56Z,True,30,partner_api,en,2026-09-02T09:32:56Z
rv_000371,galaxy_s24,usr_5584,5.0,Rất hài lòng,"Chất lượng hoàn thiện tuyệt vời, màn hình rất đẹp và sáng.",2026-09-14T14:17:28Z,True,11,partner_api,vi,2026-09-14T14:17:28Z
rv_000372,macbook_pro_m3,usr_8922,2.0,Disappointed,Device gets surprisingly warm during intensive multitasking.,2026-08-24T12:36:38Z,False,32,mobile_app,en,2026-08-24T12:36:38Z
rv_000373,macbook_pro_m3,usr_4559,4.0,Tốt trong tầm giá,"Sản phẩm dùng rất mượt, pin trâu hơn mong đợi.",2026-09-05T05:32:49Z,False,3,web_crawler,vi,2026-09-05T05:32:49Z
rv_000374,dell_xps_15,usr_9059,4.0,Good overall,Cameras are outstanding in low light conditions.,2026-09-12T00:27:17Z,True,36,partner_api,en,2026-09-12T00:27:17Z
rv_000375,iphone_15_pro,usr_4540,5.0,Rất hài lòng,"Chất lượng hoàn thiện tuyệt vời, màn hình rất đẹp và sáng.",2026-09-12T04:46:43Z,True,23,mobile_app,vi,2026-09-12T04:46:43Z
rv_000376,macbook_air_m3,usr_9940,1.0,Không hài lòng,"Pin tụt khá nhanh, chỉ được nửa ngày là phải cắm sạc.",2026-09-09T19:10:49Z,True,44,partner_api,vi,2026-09-09T19:10:49Z
rv_000377,pixel_8_pro,usr_4756,4.0,Tốt trong tầm giá,"Sản phẩm dùng rất mượt, pin trâu hơn mong đợi.",2026-09-17T11:19:11Z,True,6,web_crawler,vi,2026-09-17T11:19:11Z
rv_000378,thinkpad_x1_carbon,usr_1392,4.0,Tốt trong tầm giá,"Sản phẩm dùng rất mượt, pin trâu hơn mong đợi.",2026-09-09T02:02:09Z,True,5,mobile_app,vi,2026-09-09T02:02:09Z
rv_000379,dell_xps_15,usr_9067,5.0,Rất hài lòng,"Camera chụp đêm rất ấn tượng, độ chi tiết cao.",2026-08-25T06:38:54Z,True,27,partner_api,vi,2026-08-25T06:38:54Z
rv_000380,rog_phone_8,usr_6060,5.0,Rất hài lòng,"Giao hàng nhanh, đóng gói cẩn thận, dùng 2 tuần chưa thấy lỗi gì.",2026-09-07T06:35:03Z,True,29,partner_api,vi,2026-09-07T06:35:03Z
rv_000381,macbook_air_m3,usr_3142,2.0,Khá thất vọng,Giá hơi đắt so với trải nghiệm thực tế mang lại.,2026-08-29T19:21:39Z,True,30,web_crawler,vi,2026-08-29T19:21:39Z
rv_000382,iphone_15,usr_6788,3.0,Tạm ổn,"Dùng tạm được, chưa thực sự ấn tượng.",2026-08-20T22:04:49Z,True,7,partner_api,vi,2026-08-20T22:04:49Z
rv_000383,iphone_15_pro,usr_3687,4.0,Good overall,"Build quality is superb, feels very premium in hand.",2026-09-09T19:22:21Z,True,9,web_crawler,en,2026-09-09T19:22:21Z
rv_000384,pixel_8_pro,usr_2627,5.0,Rất hài lòng,"Camera chụp đêm rất ấn tượng, độ chi tiết cao.",2026-09-08T15:26:44Z,True,11,partner_api,vi,2026-09-08T15:26:44Z
rv_000385,galaxy_s24_ultra,usr_7203,5.0,Great purchase,"Build quality is superb, feels very premium in hand.",2026-08-28T17:52:28Z,True,35,mobile_app,en,2026-08-28T17:52:28Z
rv_000386,iphone_15_pro,usr_6085,4.0,Good overall,"Build quality is superb, feels very premium in hand.",2026-08-24T20:37:05Z,True,0,web_crawler,en,2026-08-24T20:37:05Z
rv_000387,pixel_8_pro,usr_5423,5.0,Rất hài lòng,"Giao hàng nhanh, đóng gói cẩn thận, dùng 2 tuần chưa thấy lỗi gì.",2026-08-28T05:06:07Z,True,19,mobile_app,vi,2026-08-28T05:06:07Z
rv_000388,macbook_pro_m3,usr_1877,4.0,Tốt trong tầm giá,"Camera chụp đêm rất ấn tượng, độ chi tiết cao.",2026-09-18T04:06:28Z,True,26,web_crawler,vi,2026-09-18T04:06:28Z
rv_000389,galaxy_tab_s9,usr_6381,4.0,Tốt trong tầm giá,"Chất lượng hoàn thiện tuyệt vời, màn hình rất đẹp và sáng.",2026-08-21T04:50:39Z,True,31,mobile_app,vi,2026-08-21T04:50:39Z
rv_000390,ipad_pro_m4,usr_6469,3.0,Average,"Decent, but expected more.",2026-09-05T13:10:06Z,True,7,mobile_app,en,2026-09-05T13:10:06Z
rv_000391,pixel_8_pro,usr_1433,4.0,Good overall,Cameras are outstanding in low light conditions.,2026-09-16T15:21:34Z,True,44,partner_api,en,2026-09-16T15:21:34Z
rv_000392,iphone_15_pro,usr_1559,5.0,Great purchase,Cameras are outstanding in low light conditions.,2026-08-29T16:54:42Z,True,6,partner_api,en,2026-08-29T16:54:42Z
rv_000393,rog_phone_8,usr_3362,5.0,Rất hài lòng,"Giao hàng nhanh, đóng gói cẩn thận, dùng 2 tuần chưa thấy lỗi gì.",2026-09-03T07:30:56Z,True,39,partner_api,vi,2026-09-03T07:30:56Z
rv_000394,pixel_8_pro,usr_7730,5.0,Rất hài lòng,"Rất hài lòng với quyết định nâng cấp lần này, 10/10.",2026-09-06T01:56:50Z,True,32,mobile_app,vi,2026-09-06T01:56:50Z
rv_000395,airpods_pro_2,usr_1557,2.0,Khá thất vọng,"Pin tụt khá nhanh, chỉ được nửa ngày là phải cắm sạc.",2026-09-01T00:52:15Z,True,42,mobile_app,vi,2026-09-01T00:52:15Z
rv_000396,iphone_15,usr_6841,4.0,Tốt trong tầm giá,"Chất lượng hoàn thiện tuyệt vời, màn hình rất đẹp và sáng.",2026-09-14T07:54:16Z,True,17,partner_api,vi,2026-09-14T07:54:16Z
rv_000397,galaxy_tab_s9,usr_4385,5.0,Rất hài lòng,"Rất hài lòng với quyết định nâng cấp lần này, 10/10.",2026-09-17T02:36:05Z,True,13,partner_api,vi,2026-09-17T02:36:05Z
rv_000398,iphone_15_pro,usr_6634,5.0,Great purchase,"Excellent device, blazing fast performance and gorgeous display.",2026-09-19T07:27:48Z,True,10,partner_api,en,2026-09-19T07:27:48Z
rv_000399,sony_wh1000xm5,usr_5425,5.0,Rất hài lòng,"Giao hàng nhanh, đóng gói cẩn thận, dùng 2 tuần chưa thấy lỗi gì.",2026-08-20T11:38:02Z,False,18,mobile_app,vi,2026-08-20T11:38:02Z
rv_000400,thinkpad_x1_carbon,usr_7691,5.0,Rất hài lòng,"Sản phẩm dùng rất mượt, pin trâu hơn mong đợi.",2026-09-23T18:39:41Z,True,32,partner_api,vi,2026-09-23T18:39:41Z
rv_000401,ipad_pro_m4,usr_9099,5.0,Rất hài lòng,"Camera chụp đêm rất ấn tượng, độ chi tiết cao.",2026-09-04T18:40:48Z,True,14,web_crawler,vi,2026-09-04T18:40:48Z
rv_000402,xiaomi_14_pro,usr_2745,5.0,Rất hài lòng,"Chất lượng hoàn thiện tuyệt vời, màn hình rất đẹp và sáng.",2026-09-03T15:15:54Z,True,30,mobile_app,vi,2026-09-03T15:15:54Z
rv_000403,rog_phone_8,usr_5078,5.0,Rất hài lòng,"Rất hài lòng với quyết định nâng cấp lần này, 10/10.",2026-09-11T02:00:38Z,True,30,partner_api,vi,2026-09-11T02:00:38Z
rv_000404,dell_xps_15,usr_4103,5.0,Rất hài lòng,"Giao hàng nhanh, đóng gói cẩn thận, dùng 2 tuần chưa thấy lỗi gì.",2026-08-24T15:09:10Z,False,9,web_crawler,vi,2026-08-24T15:09:10Z
rv_000405,macbook_air_m3,usr_3202,5.0,Great purchase,Cameras are outstanding in low light conditions.,2026-08-26T20:25:17Z,True,26,mobile_app,en,2026-08-26T20:25:17Z
rv_000406,iphone_15_pro,usr_9892,5.0,Great purchase,Battery life easily lasts through a full heavy-use day.,2026-09-05T17:27:06Z,True,19,web_crawler,en,2026-09-05T17:27:06Z
rv_000407,galaxy_s24_ultra,usr_4278,5.0,Rất hài lòng,"Sản phẩm dùng rất mượt, pin trâu hơn mong đợi.",2026-09-02T01:20:11Z,True,36,mobile_app,vi,2026-09-02T01:20:11Z
rv_000408,galaxy_s24_ultra,usr_4180,3.0,Tạm ổn,"Dùng tạm được, chưa thực sự ấn tượng.",2026-09-21T17:13:19Z,True,8,partner_api,vi,2026-09-21T17:13:19Z
rv_000409,macbook_air_m3,usr_1807,5.0,Great purchase,"Excellent device, blazing fast performance and gorgeous display.",2026-09-14T21:16:08Z,True,14,web_crawler,en,2026-09-14T21:16:08Z
rv_000410,sony_wh1000xm5,usr_3975,5.0,Rất hài lòng,"Rất hài lòng với quyết định nâng cấp lần này, 10/10.",2026-09-04T17:42:24Z,True,41,mobile_app,vi,2026-09-04T17:42:24Z
rv_000411,galaxy_s24_ultra,usr_3830,3.0,Average,"Decent, but expected more.",2026-09-17T15:13:31Z,True,25,web_crawler,en,2026-09-17T15:13:31Z
rv_000412,galaxy_tab_s9,usr_3454,3.0,Tạm ổn,"Dùng tạm được, chưa thực sự ấn tượng.",2026-08-28T03:55:53Z,True,39,web_crawler,vi,2026-08-28T03:55:53Z
rv_000413,sony_wh1000xm5,usr_3697,4.0,Tốt trong tầm giá,"Chất lượng hoàn thiện tuyệt vời, màn hình rất đẹp và sáng.",2026-08-27T08:20:06Z,True,7,partner_api,vi,2026-08-27T08:20:06Z
rv_000414,galaxy_s24_ultra,usr_9056,5.0,Rất hài lòng,"Giao hàng nhanh, đóng gói cẩn thận, dùng 2 tuần chưa thấy lỗi gì.",2026-09-02T23:27:55Z,False,41,mobile_app,vi,2026-09-02T23:27:55Z
rv_000415,pixel_8_pro,usr_4198,2.0,Khá thất vọng,Giá hơi đắt so với trải nghiệm thực tế mang lại.,2026-09-15T23:13:47Z,True,11,partner_api,vi,2026-09-15T23:13:47Z
rv_000416,airpods_pro_2,usr_2022,5.0,Great purchase,Highly recommended! Worth every single penny.,2026-08-25T07:32:52Z,True,20,mobile_app,en,2026-08-25T07:32:52Z
rv_000417,pixel_8_pro,usr_5143,2.0,Disappointed,Overpriced for the features offered compared to competitors.,2026-08-25T21:35:02Z,True,17,mobile_app,en,2026-08-25T21:35:02Z
rv_000418,sony_wh1000xm5,usr_8161,5.0,Great purchase,Cameras are outstanding in low light conditions.,2026-09-01T22:25:36Z,True,1,mobile_app,en,2026-09-01T22:25:36Z
rv_000419,thinkpad_x1_carbon,usr_2401,4.0,Tốt trong tầm giá,"Sản phẩm dùng rất mượt, pin trâu hơn mong đợi.",2026-09-02T20:55:01Z,True,9,web_crawler,vi,2026-09-02T20:55:01Z
rv_000420,macbook_air_m3,usr_8406,5.0,Great purchase,"Excellent device, blazing fast performance and gorgeous display.",2026-08-25T19:12:55Z,True,23,web_crawler,en,2026-08-25T19:12:55Z
rv_000421,xiaomi_14_pro,usr_1370,5.0,Rất hài lòng,"Giao hàng nhanh, đóng gói cẩn thận, dùng 2 tuần chưa thấy lỗi gì.",2026-09-22T04:06:04Z,True,0,partner_api,vi,2026-09-22T04:06:04Z
rv_000422,macbook_pro_m3,usr_1385,3.0,Average,"Decent, but expected more.",2026-09-01T23:19:30Z,True,44,web_crawler,en,2026-09-01T23:19:30Z
rv_000423,galaxy_s24,usr_5399,5.0,Rất hài lòng,"Giao hàng nhanh, đóng gói cẩn thận, dùng 2 tuần chưa thấy lỗi gì.",2026-09-11T02:23:13Z,True,16,partner_api,vi,2026-09-11T02:23:13Z
rv_000424,pixel_8_pro,usr_9490,4.0,Good overall,Battery life easily lasts through a full heavy-use day.,2026-08-20T09:01:28Z,True,14,mobile_app,en,2026-08-20T09:01:28Z
rv_000425,thinkpad_x1_carbon,usr_1792,5.0,Rất hài lòng,"Rất hài lòng với quyết định nâng cấp lần này, 10/10.",2026-08-22T01:32:06Z,True,17,partner_api,vi,2026-08-22T01:32:06Z
rv_000426,galaxy_tab_s9,usr_4913,4.0,Tốt trong tầm giá,"Camera chụp đêm rất ấn tượng, độ chi tiết cao.",2026-09-06T01:30:56Z,True,35,mobile_app,vi,2026-09-06T01:30:56Z
rv_000427,thinkpad_x1_carbon,usr_5982,4.0,Good overall,"Excellent device, blazing fast performance and gorgeous display.",2026-09-04T18:12:51Z,True,27,mobile_app,en,2026-09-04T18:12:51Z
rv_000428,ipad_pro_m4,usr_9536,5.0,Rất hài lòng,"Giao hàng nhanh, đóng gói cẩn thận, dùng 2 tuần chưa thấy lỗi gì.",2026-09-17T00:29:30Z,True,38,mobile_app,vi,2026-09-17T00:29:30Z
rv_000429,airpods_pro_2,usr_5081,5.0,Rất hài lòng,"Sản phẩm dùng rất mượt, pin trâu hơn mong đợi.",2026-09-09T06:25:09Z,False,3,partner_api,vi,2026-09-09T06:25:09Z
rv_000430,airpods_pro_2,usr_9153,5.0,Rất hài lòng,"Giao hàng nhanh, đóng gói cẩn thận, dùng 2 tuần chưa thấy lỗi gì.",2026-09-09T09:45:29Z,True,34,partner_api,vi,2026-09-09T09:45:29Z
rv_000431,macbook_pro_m3,usr_7167,5.0,Rất hài lòng,"Sản phẩm dùng rất mượt, pin trâu hơn mong đợi.",2026-09-18T11:35:20Z,True,10,partner_api,vi,2026-09-18T11:35:20Z
rv_000432,ipad_pro_m4,usr_1047,4.0,Tốt trong tầm giá,"Chất lượng hoàn thiện tuyệt vời, màn hình rất đẹp và sáng.",2026-09-16T08:32:45Z,True,26,partner_api,vi,2026-09-16T08:32:45Z
rv_000433,iphone_15_pro,usr_4929,5.0,Great purchase,"Build quality is superb, feels very premium in hand.",2026-08-21T18:08:15Z,True,12,web_crawler,en,2026-08-21T18:08:15Z
rv_000434,galaxy_s24_ultra,usr_3828,5.0,Rất hài lòng,"Chất lượng hoàn thiện tuyệt vời, màn hình rất đẹp và sáng.",2026-09-21T00:09:08Z,False,29,web_crawler,vi,2026-09-21T00:09:08Z
rv_000435,airpods_pro_2,usr_1606,5.0,Great purchase,Battery life easily lasts through a full heavy-use day.,2026-08-31T05:04:33Z,True,2,partner_api,en,2026-08-31T05:04:33Z
rv_000436,iphone_15_pro,usr_4701,5.0,Rất hài lòng,"Sản phẩm dùng rất mượt, pin trâu hơn mong đợi.",2026-08-28T20:55:11Z,True,5,partner_api,vi,2026-08-28T20:55:11Z
rv_000437,macbook_pro_m3,usr_4338,5.0,Great purchase,Battery life easily lasts through a full heavy-use day.,2026-09-15T19:23:14Z,True,13,web_crawler,en,2026-09-15T19:23:14Z
rv_000438,pixel_8_pro,usr_5911,5.0,Rất hài lòng,"Camera chụp đêm rất ấn tượng, độ chi tiết cao.",2026-09-04T13:27:16Z,False,16,web_crawler,vi,2026-09-04T13:27:16Z
rv_000439,macbook_pro_m3,usr_3947,5.0,Rất hài lòng,"Camera chụp đêm rất ấn tượng, độ chi tiết cao.",2026-09-23T07:35:36Z,False,11,partner_api,vi,2026-09-23T07:35:36Z
rv_000440,xiaomi_14_pro,usr_9527,5.0,Rất hài lòng,"Chất lượng hoàn thiện tuyệt vời, màn hình rất đẹp và sáng.",2026-09-12T04:50:12Z,True,29,partner_api,vi,2026-09-12T04:50:12Z
rv_000441,macbook_air_m3,usr_6315,5.0,Rất hài lòng,"Giao hàng nhanh, đóng gói cẩn thận, dùng 2 tuần chưa thấy lỗi gì.",2026-08-25T11:37:19Z,True,35,mobile_app,vi,2026-08-25T11:37:19Z
rv_000442,airpods_pro_2,usr_9883,5.0,Rất hài lòng,"Rất hài lòng với quyết định nâng cấp lần này, 10/10.",2026-08-23T06:17:17Z,True,19,mobile_app,vi,2026-08-23T06:17:17Z
rv_000443,galaxy_s24_ultra,usr_3534,5.0,Great purchase,Battery life easily lasts through a full heavy-use day.,2026-08-22T04:13:56Z,True,34,mobile_app,en,2026-08-22T04:13:56Z
rv_000444,sony_wh1000xm5,usr_8101,2.0,Khá thất vọng,"Thiết kế dễ bám vân tay, loa ngoài hơi rè ở âm lượng lớn.",2026-09-16T11:50:06Z,False,10,mobile_app,vi,2026-09-16T11:50:06Z
rv_000445,iphone_15,usr_1405,5.0,Rất hài lòng,"Giao hàng nhanh, đóng gói cẩn thận, dùng 2 tuần chưa thấy lỗi gì.",2026-09-18T00:53:58Z,True,5,web_crawler,vi,2026-09-18T00:53:58Z
rv_000446,thinkpad_x1_carbon,usr_6652,5.0,Rất hài lòng,"Giao hàng nhanh, đóng gói cẩn thận, dùng 2 tuần chưa thấy lỗi gì.",2026-09-05T11:12:42Z,True,5,partner_api,vi,2026-09-05T11:12:42Z
rv_000447,airpods_pro_2,usr_3598,5.0,Rất hài lòng,"Chất lượng hoàn thiện tuyệt vời, màn hình rất đẹp và sáng.",2026-08-20T11:06:07Z,True,23,partner_api,vi,2026-08-20T11:06:07Z
rv_000448,rog_phone_8,usr_9228,5.0,Great purchase,"Build quality is superb, feels very premium in hand.",2026-09-15T21:23:29Z,True,8,partner_api,en,2026-09-15T21:23:29Z
rv_000449,macbook_air_m3,usr_2956,5.0,Rất hài lòng,"Camera chụp đêm rất ấn tượng, độ chi tiết cao.",2026-09-03T10:38:32Z,True,32,web_crawler,vi,2026-09-03T10:38:32Z
rv_000450,iphone_15_pro,usr_5429,4.0,Tốt trong tầm giá,"Rất hài lòng với quyết định nâng cấp lần này, 10/10.",2026-09-23T10:26:12Z,True,15,web_crawler,vi,2026-09-23T10:26:12Z
rv_000451,sony_wh1000xm5,usr_6964,5.0,Great purchase,"Build quality is superb, feels very premium in hand.",2026-08-25T03:41:04Z,False,11,mobile_app,en,2026-08-25T03:41:04Z
rv_000452,thinkpad_x1_carbon,usr_3240,5.0,Great purchase,"Excellent device, blazing fast performance and gorgeous display.",2026-08-28T14:47:00Z,True,20,web_crawler,en,2026-08-28T14:47:00Z
rv_000453,dell_xps_15,usr_7173,5.0,Rất hài lòng,"Giao hàng nhanh, đóng gói cẩn thận, dùng 2 tuần chưa thấy lỗi gì.",2026-08-27T02:24:30Z,True,26,mobile_app,vi,2026-08-27T02:24:30Z
rv_000454,dell_xps_15,usr_6352,1.0,Không hài lòng,Sau cập nhật phần mềm xuất hiện sọc màn hình nhẹ.,2026-09-04T00:06:22Z,True,37,web_crawler,vi,2026-09-04T00:06:22Z
rv_000455,macbook_pro_m3,usr_9629,5.0,Rất hài lòng,"Chất lượng hoàn thiện tuyệt vời, màn hình rất đẹp và sáng.",2026-09-18T04:56:07Z,True,44,partner_api,vi,2026-09-18T04:56:07Z
rv_000456,galaxy_tab_s9,usr_8143,4.0,Tốt trong tầm giá,"Rất hài lòng với quyết định nâng cấp lần này, 10/10.",2026-09-12T05:03:31Z,True,32,mobile_app,vi,2026-09-12T05:03:31Z
rv_000457,pixel_8_pro,usr_7842,5.0,Rất hài lòng,"Camera chụp đêm rất ấn tượng, độ chi tiết cao.",2026-08-20T10:14:49Z,True,24,web_crawler,vi,2026-08-20T10:14:49Z
rv_000458,iphone_15_pro,usr_3443,1.0,Poor quality,Customer service was unresponsive when reporting cosmetic defect.,2026-09-22T10:51:39Z,False,27,web_crawler,en,2026-09-22T10:51:39Z
rv_000459,iphone_15,usr_9969,5.0,Rất hài lòng,"Camera chụp đêm rất ấn tượng, độ chi tiết cao.",2026-09-10T12:07:01Z,True,17,mobile_app,vi,2026-09-10T12:07:01Z
rv_000460,galaxy_s24_ultra,usr_8684,3.0,Average,"Decent, but expected more.",2026-09-19T00:52:08Z,True,19,web_crawler,en,2026-09-19T00:52:08Z
rv_000461,sony_wh1000xm5,usr_3916,5.0,Rất hài lòng,"Chất lượng hoàn thiện tuyệt vời, màn hình rất đẹp và sáng.",2026-08-21T00:30:38Z,True,42,partner_api,vi,2026-08-21T00:30:38Z
rv_000462,iphone_15_pro,usr_9012,5.0,Great purchase,"Build quality is superb, feels very premium in hand.",2026-08-23T05:58:20Z,True,10,web_crawler,en,2026-08-23T05:58:20Z
rv_000463,galaxy_s24_ultra,usr_7226,1.0,Không hài lòng,Giá hơi đắt so với trải nghiệm thực tế mang lại.,2026-08-31T00:06:25Z,True,33,mobile_app,vi,2026-08-31T00:06:25Z
rv_000464,sony_wh1000xm5,usr_9613,5.0,Great purchase,Cameras are outstanding in low light conditions.,2026-09-08T07:32:33Z,True,40,mobile_app,en,2026-09-08T07:32:33Z
rv_000465,macbook_air_m3,usr_5700,5.0,Rất hài lòng,"Giao hàng nhanh, đóng gói cẩn thận, dùng 2 tuần chưa thấy lỗi gì.",2026-09-02T21:52:23Z,True,2,partner_api,vi,2026-09-02T21:52:23Z
rv_000466,xiaomi_14_pro,usr_8067,5.0,Rất hài lòng,"Sản phẩm dùng rất mượt, pin trâu hơn mong đợi.",2026-09-11T01:25:50Z,True,7,web_crawler,vi,2026-09-11T01:25:50Z
rv_000467,macbook_air_m3,usr_2627,5.0,Great purchase,Highly recommended! Worth every single penny.,2026-08-28T02:17:41Z,True,19,partner_api,en,2026-08-28T02:17:41Z
rv_000468,rog_phone_8,usr_5573,5.0,Rất hài lòng,"Giao hàng nhanh, đóng gói cẩn thận, dùng 2 tuần chưa thấy lỗi gì.",2026-09-12T18:41:46Z,True,16,web_crawler,vi,2026-09-12T18:41:46Z
rv_000469,airpods_pro_2,usr_7747,4.0,Tốt trong tầm giá,"Giao hàng nhanh, đóng gói cẩn thận, dùng 2 tuần chưa thấy lỗi gì.",2026-08-29T07:57:37Z,True,1,web_crawler,vi,2026-08-29T07:57:37Z
rv_000470,airpods_pro_2,usr_3687,4.0,Good overall,"Excellent device, blazing fast performance and gorgeous display.",2026-09-14T01:33:11Z,True,33,partner_api,en,2026-09-14T01:33:11Z
rv_000471,xiaomi_14_pro,usr_7356,4.0,Good overall,Highly recommended! Worth every single penny.,2026-08-28T19:57:10Z,True,23,web_crawler,en,2026-08-28T19:57:10Z
rv_000472,galaxy_s24,usr_2115,5.0,Great purchase,Battery life easily lasts through a full heavy-use day.,2026-09-10T13:32:51Z,True,27,mobile_app,en,2026-09-10T13:32:51Z
rv_000473,thinkpad_x1_carbon,usr_1543,5.0,Great purchase,Highly recommended! Worth every single penny.,2026-09-08T11:01:13Z,True,38,web_crawler,en,2026-09-08T11:01:13Z
rv_000474,macbook_air_m3,usr_3083,5.0,Rất hài lòng,"Sản phẩm dùng rất mượt, pin trâu hơn mong đợi.",2026-08-29T04:56:28Z,True,6,partner_api,vi,2026-08-29T04:56:28Z
rv_000475,thinkpad_x1_carbon,usr_4391,5.0,Rất hài lòng,"Sản phẩm dùng rất mượt, pin trâu hơn mong đợi.",2026-09-23T12:56:48Z,True,12,web_crawler,vi,2026-09-23T12:56:48Z
rv_000476,thinkpad_x1_carbon,usr_5782,4.0,Good overall,Cameras are outstanding in low light conditions.,2026-09-19T10:22:37Z,True,13,web_crawler,en,2026-09-19T10:22:37Z
rv_000477,thinkpad_x1_carbon,usr_8614,5.0,Great purchase,"Excellent device, blazing fast performance and gorgeous display.",2026-09-05T10:29:05Z,True,24,partner_api,en,2026-09-05T10:29:05Z
rv_000478,galaxy_s24_ultra,usr_7404,3.0,Average,"Decent, but expected more.",2026-08-23T05:56:21Z,True,12,web_crawler,en,2026-08-23T05:56:21Z
rv_000479,macbook_pro_m3,usr_1206,3.0,Tạm ổn,"Dùng tạm được, chưa thực sự ấn tượng.",2026-08-27T02:58:45Z,True,26,mobile_app,vi,2026-08-27T02:58:45Z
rv_000480,ipad_pro_m4,usr_1471,5.0,Rất hài lòng,"Rất hài lòng với quyết định nâng cấp lần này, 10/10.",2026-08-31T22:34:16Z,True,0,web_crawler,vi,2026-08-31T22:34:16Z
rv_000481,sony_wh1000xm5,usr_8019,5.0,Rất hài lòng,"Sản phẩm dùng rất mượt, pin trâu hơn mong đợi.",2026-09-05T13:31:21Z,True,35,partner_api,vi,2026-09-05T13:31:21Z
rv_000482,iphone_15,usr_7490,5.0,Rất hài lòng,"Rất hài lòng với quyết định nâng cấp lần này, 10/10.",2026-09-04T16:40:39Z,True,25,mobile_app,vi,2026-09-04T16:40:39Z
rv_000483,thinkpad_x1_carbon,usr_6044,4.0,Tốt trong tầm giá,"Camera chụp đêm rất ấn tượng, độ chi tiết cao.",2026-08-23T03:14:40Z,False,25,partner_api,vi,2026-08-23T03:14:40Z
rv_000484,thinkpad_x1_carbon,usr_8644,5.0,Great purchase,"Excellent device, blazing fast performance and gorgeous display.",2026-09-12T18:04:24Z,True,14,web_crawler,en,2026-09-12T18:04:24Z
rv_000485,xiaomi_14_pro,usr_5633,5.0,Rất hài lòng,"Rất hài lòng với quyết định nâng cấp lần này, 10/10.",2026-09-14T03:34:33Z,True,33,partner_api,vi,2026-09-14T03:34:33Z
rv_000486,galaxy_s24,usr_7947,5.0,Rất hài lòng,"Rất hài lòng với quyết định nâng cấp lần này, 10/10.",2026-09-17T21:47:41Z,True,1,partner_api,vi,2026-09-17T21:47:41Z
rv_000487,pixel_8_pro,usr_8267,4.0,Tốt trong tầm giá,"Giao hàng nhanh, đóng gói cẩn thận, dùng 2 tuần chưa thấy lỗi gì.",2026-09-18T18:31:56Z,True,0,web_crawler,vi,2026-09-18T18:31:56Z
rv_000488,sony_wh1000xm5,usr_2188,4.0,Tốt trong tầm giá,"Sản phẩm dùng rất mượt, pin trâu hơn mong đợi.",2026-08-20T16:56:59Z,True,38,partner_api,vi,2026-08-20T16:56:59Z
rv_000489,dell_xps_15,usr_7135,5.0,Rất hài lòng,"Chất lượng hoàn thiện tuyệt vời, màn hình rất đẹp và sáng.",2026-08-30T06:40:10Z,True,22,partner_api,vi,2026-08-30T06:40:10Z
rv_000490,pixel_8_pro,usr_9110,5.0,Great purchase,Battery life easily lasts through a full heavy-use day.,2026-09-18T07:19:04Z,True,37,partner_api,en,2026-09-18T07:19:04Z
rv_000491,airpods_pro_2,usr_7483,1.0,Không hài lòng,"Thiết kế dễ bám vân tay, loa ngoài hơi rè ở âm lượng lớn.",2026-09-11T14:48:34Z,True,43,partner_api,vi,2026-09-11T14:48:34Z
rv_000492,thinkpad_x1_carbon,usr_7320,5.0,Great purchase,Cameras are outstanding in low light conditions.,2026-09-22T19:42:28Z,True,13,partner_api,en,2026-09-22T19:42:28Z
rv_000493,macbook_air_m3,usr_9014,3.0,Tạm ổn,"Dùng tạm được, chưa thực sự ấn tượng.",2026-09-01T12:31:03Z,True,40,mobile_app,vi,2026-09-01T12:31:03Z
rv_000494,ipad_pro_m4,usr_2015,4.0,Good overall,Highly recommended! Worth every single penny.,2026-08-22T03:14:05Z,True,43,mobile_app,en,2026-08-22T03:14:05Z
rv_000495,iphone_15,usr_8495,3.0,Average,"Decent, but expected more.",2026-08-28T00:15:57Z,True,16,web_crawler,en,2026-08-28T00:15:57Z
rv_000496,airpods_pro_2,usr_1812,5.0,Rất hài lòng,"Rất hài lòng với quyết định nâng cấp lần này, 10/10.",2026-09-02T08:19:14Z,True,3,mobile_app,vi,2026-09-02T08:19:14Z
rv_000497,ipad_pro_m4,usr_3051,3.0,Tạm ổn,"Dùng tạm được, chưa thực sự ấn tượng.",2026-09-19T12:55:03Z,True,45,mobile_app,vi,2026-09-19T12:55:03Z
rv_000498,dell_xps_15,usr_7861,4.0,Tốt trong tầm giá,"Sản phẩm dùng rất mượt, pin trâu hơn mong đợi.",2026-09-15T18:21:32Z,True,44,mobile_app,vi,2026-09-15T18:21:32Z
rv_000499,galaxy_s24_ultra,usr_7797,2.0,Khá thất vọng,Giá hơi đắt so với trải nghiệm thực tế mang lại.,2026-08-26T01:52:18Z,True,2,partner_api,vi,2026-08-26T01:52:18Z
rv_000500,macbook_air_m3,usr_5470,4.0,Tốt trong tầm giá,"Giao hàng nhanh, đóng gói cẩn thận, dùng 2 tuần chưa thấy lỗi gì.",2026-09-10T06:28:15Z,True,7,mobile_app,vi,2026-09-10T06:28:15Z
rv_000501,dell_xps_15,usr_8697,5.0,Rất hài lòng,"Rất hài lòng với quyết định nâng cấp lần này, 10/10.",2026-08-30T12:21:29Z,True,1,web_crawler,vi,2026-08-30T12:21:29Z
rv_000502,macbook_air_m3,usr_7074,5.0,Rất hài lòng,"Sản phẩm dùng rất mượt, pin trâu hơn mong đợi.",2026-08-31T06:26:01Z,True,26,partner_api,vi,2026-08-31T06:26:01Z
rv_000503,rog_phone_8,usr_9877,5.0,Rất hài lòng,"Chất lượng hoàn thiện tuyệt vời, màn hình rất đẹp và sáng.",2026-08-25T07:33:46Z,True,27,mobile_app,vi,2026-08-25T07:33:46Z
rv_000504,thinkpad_x1_carbon,usr_3132,2.0,Disappointed,Device gets surprisingly warm during intensive multitasking.,2026-08-20T12:04:55Z,True,44,partner_api,en,2026-08-20T12:04:55Z
rv_000505,iphone_15_pro,usr_2587,5.0,Rất hài lòng,"Giao hàng nhanh, đóng gói cẩn thận, dùng 2 tuần chưa thấy lỗi gì.",2026-09-16T03:11:11Z,True,39,web_crawler,vi,2026-09-16T03:11:11Z
rv_000506,iphone_15_pro,usr_9075,5.0,Great purchase,"Excellent device, blazing fast performance and gorgeous display.",2026-09-14T21:55:02Z,True,32,web_crawler,en,2026-09-14T21:55:02Z
rv_000507,airpods_pro_2,usr_2873,4.0,Tốt trong tầm giá,"Rất hài lòng với quyết định nâng cấp lần này, 10/10.",2026-09-10T21:51:58Z,True,18,mobile_app,vi,2026-09-10T21:51:58Z
rv_000508,thinkpad_x1_carbon,usr_9760,5.0,Rất hài lòng,"Giao hàng nhanh, đóng gói cẩn thận, dùng 2 tuần chưa thấy lỗi gì.",2026-08-23T21:06:00Z,True,10,mobile_app,vi,2026-08-23T21:06:00Z
rv_000509,airpods_pro_2,usr_9607,5.0,Rất hài lòng,"Camera chụp đêm rất ấn tượng, độ chi tiết cao.",2026-09-12T22:11:49Z,True,21,web_crawler,vi,2026-09-12T22:11:49Z
rv_000510,xiaomi_14_pro,usr_2235,5.0,Great purchase,Battery life easily lasts through a full heavy-use day.,2026-09-09T11:00:58Z,True,18,mobile_app,en,2026-09-09T11:00:58Z
rv_000511,pixel_8_pro,usr_9901,4.0,Tốt trong tầm giá,"Sản phẩm dùng rất mượt, pin trâu hơn mong đợi.",2026-09-19T14:22:18Z,True,10,partner_api,vi,2026-09-19T14:22:18Z
rv_000512,galaxy_s24_ultra,usr_7122,5.0,Great purchase,Highly recommended! Worth every single penny.,2026-08-23T00:32:44Z,True,8,mobile_app,en,2026-08-23T00:32:44Z
rv_000513,galaxy_tab_s9,usr_5646,4.0,Tốt trong tầm giá,"Camera chụp đêm rất ấn tượng, độ chi tiết cao.",2026-09-17T12:38:34Z,True,10,web_crawler,vi,2026-09-17T12:38:34Z
rv_000514,macbook_pro_m3,usr_6506,3.0,Tạm ổn,"Dùng tạm được, chưa thực sự ấn tượng.",2026-09-12T01:32:04Z,True,32,web_crawler,vi,2026-09-12T01:32:04Z
rv_000515,iphone_15,usr_6921,5.0,Rất hài lòng,"Sản phẩm dùng rất mượt, pin trâu hơn mong đợi.",2026-09-23T20:10:44Z,True,35,web_crawler,vi,2026-09-23T20:10:44Z
rv_000516,galaxy_s24_ultra,usr_1309,5.0,Rất hài lòng,"Giao hàng nhanh, đóng gói cẩn thận, dùng 2 tuần chưa thấy lỗi gì.",2026-09-05T21:52:04Z,False,6,partner_api,vi,2026-09-05T21:52:04Z
rv_000517,macbook_air_m3,usr_8437,4.0,Good overall,"Excellent device, blazing fast performance and gorgeous display.",2026-09-01T00:47:25Z,True,39,partner_api,en,2026-09-01T00:47:25Z
rv_000518,macbook_pro_m3,usr_6197,4.0,Tốt trong tầm giá,"Sản phẩm dùng rất mượt, pin trâu hơn mong đợi.",2026-09-16T16:20:50Z,True,10,mobile_app,vi,2026-09-16T16:20:50Z
rv_000519,iphone_15_pro,usr_2026,5.0,Rất hài lòng,"Camera chụp đêm rất ấn tượng, độ chi tiết cao.",2026-08-26T19:55:29Z,True,9,mobile_app,vi,2026-08-26T19:55:29Z
rv_000520,ipad_pro_m4,usr_3060,4.0,Good overall,Highly recommended! Worth every single penny.,2026-09-21T06:43:17Z,True,25,web_crawler,en,2026-09-21T06:43:17Z
rv_000521,airpods_pro_2,usr_9592,5.0,Great purchase,Cameras are outstanding in low light conditions.,2026-09-22T20:03:44Z,True,16,mobile_app,en,2026-09-22T20:03:44Z
rv_000522,galaxy_s24,usr_5524,5.0,Rất hài lòng,"Rất hài lòng với quyết định nâng cấp lần này, 10/10.",2026-09-01T11:19:08Z,True,24,web_crawler,vi,2026-09-01T11:19:08Z
rv_000523,airpods_pro_2,usr_6332,2.0,Disappointed,Overpriced for the features offered compared to competitors.,2026-09-11T09:43:37Z,True,21,web_crawler,en,2026-09-11T09:43:37Z
rv_000524,galaxy_s24_ultra,usr_6950,1.0,Không hài lòng,Giá hơi đắt so với trải nghiệm thực tế mang lại.,2026-09-05T11:45:48Z,True,13,web_crawler,vi,2026-09-05T11:45:48Z
rv_000525,pixel_8_pro,usr_7122,5.0,Great purchase,Cameras are outstanding in low light conditions.,2026-08-25T10:42:14Z,True,19,partner_api,en,2026-08-25T10:42:14Z
rv_000526,dell_xps_15,usr_2881,5.0,Rất hài lòng,"Chất lượng hoàn thiện tuyệt vời, màn hình rất đẹp và sáng.",2026-09-09T16:21:46Z,True,5,mobile_app,vi,2026-09-09T16:21:46Z
rv_000527,macbook_pro_m3,usr_2122,5.0,Great purchase,Highly recommended! Worth every single penny.,2026-09-17T16:00:05Z,True,3,partner_api,en,2026-09-17T16:00:05Z
rv_000528,macbook_pro_m3,usr_1246,5.0,Great purchase,"Build quality is superb, feels very premium in hand.",2026-09-13T14:13:01Z,True,44,web_crawler,en,2026-09-13T14:13:01Z
rv_000529,xiaomi_14_pro,usr_8420,4.0,Tốt trong tầm giá,"Giao hàng nhanh, đóng gói cẩn thận, dùng 2 tuần chưa thấy lỗi gì.",2026-09-04T01:54:50Z,True,45,partner_api,vi,2026-09-04T01:54:50Z
rv_000530,rog_phone_8,usr_2373,5.0,Great purchase,"Excellent device, blazing fast performance and gorgeous display.",2026-09-15T20:38:16Z,True,33,web_crawler,en,2026-09-15T20:38:16Z
rv_000531,sony_wh1000xm5,usr_1712,5.0,Great purchase,Highly recommended! Worth every single penny.,2026-08-30T22:35:05Z,True,7,mobile_app,en,2026-08-30T22:35:05Z
rv_000532,macbook_air_m3,usr_4643,4.0,Tốt trong tầm giá,"Chất lượng hoàn thiện tuyệt vời, màn hình rất đẹp và sáng.",2026-09-20T01:03:57Z,True,25,web_crawler,vi,2026-09-20T01:03:57Z
rv_000533,galaxy_tab_s9,usr_6280,5.0,Rất hài lòng,"Camera chụp đêm rất ấn tượng, độ chi tiết cao.",2026-08-27T03:09:58Z,False,24,partner_api,vi,2026-08-27T03:09:58Z
rv_000534,xiaomi_14_pro,usr_6077,5.0,Great purchase,Battery life easily lasts through a full heavy-use day.,2026-09-14T06:33:56Z,True,7,web_crawler,en,2026-09-14T06:33:56Z
rv_000535,galaxy_s24_ultra,usr_9427,5.0,Great purchase,"Excellent device, blazing fast performance and gorgeous display.",2026-09-17T22:48:38Z,False,16,mobile_app,en,2026-09-17T22:48:38Z
rv_000536,rog_phone_8,usr_3524,3.0,Tạm ổn,"Dùng tạm được, chưa thực sự ấn tượng.",2026-09-02T04:47:58Z,True,36,mobile_app,vi,2026-09-02T04:47:58Z
rv_000537,ipad_pro_m4,usr_6773,5.0,Great purchase,"Excellent device, blazing fast performance and gorgeous display.",2026-09-22T05:09:16Z,True,27,mobile_app,en,2026-09-22T05:09:16Z
rv_000538,thinkpad_x1_carbon,usr_5522,1.0,Không hài lòng,Máy nhanh nóng khi dùng 4G hoặc quay video 4K.,2026-08-25T07:24:25Z,True,27,web_crawler,vi,2026-08-25T07:24:25Z
rv_000539,macbook_pro_m3,usr_2761,5.0,Rất hài lòng,"Sản phẩm dùng rất mượt, pin trâu hơn mong đợi.",2026-08-29T16:52:51Z,True,8,web_crawler,vi,2026-08-29T16:52:51Z
rv_000540,macbook_air_m3,usr_5979,5.0,Great purchase,"Excellent device, blazing fast performance and gorgeous display.",2026-08-22T07:09:45Z,True,3,mobile_app,en,2026-08-22T07:09:45Z
rv_000541,rog_phone_8,usr_9221,5.0,Great purchase,"Build quality is superb, feels very premium in hand.",2026-09-22T16:17:40Z,True,44,web_crawler,en,2026-09-22T16:17:40Z
rv_000542,dell_xps_15,usr_1318,4.0,Tốt trong tầm giá,"Giao hàng nhanh, đóng gói cẩn thận, dùng 2 tuần chưa thấy lỗi gì.",2026-09-12T22:24:24Z,True,26,web_crawler,vi,2026-09-12T22:24:24Z
rv_000543,galaxy_tab_s9,usr_3720,5.0,Great purchase,Cameras are outstanding in low light conditions.,2026-09-08T17:26:18Z,True,32,partner_api,en,2026-09-08T17:26:18Z
rv_000544,sony_wh1000xm5,usr_6771,4.0,Tốt trong tầm giá,"Giao hàng nhanh, đóng gói cẩn thận, dùng 2 tuần chưa thấy lỗi gì.",2026-08-29T14:14:27Z,True,21,web_crawler,vi,2026-08-29T14:14:27Z
rv_000545,galaxy_tab_s9,usr_4489,5.0,Rất hài lòng,"Sản phẩm dùng rất mượt, pin trâu hơn mong đợi.",2026-08-31T17:13:35Z,True,26,partner_api,vi,2026-08-31T17:13:35Z
rv_000546,macbook_pro_m3,usr_4677,5.0,Rất hài lòng,"Chất lượng hoàn thiện tuyệt vời, màn hình rất đẹp và sáng.",2026-09-04T17:33:29Z,True,44,web_crawler,vi,2026-09-04T17:33:29Z
rv_000547,macbook_pro_m3,usr_1905,5.0,Great purchase,Cameras are outstanding in low light conditions.,2026-09-17T06:39:04Z,True,20,partner_api,en,2026-09-17T06:39:04Z
rv_000548,xiaomi_14_pro,usr_1393,5.0,Great purchase,Highly recommended! Worth every single penny.,2026-09-14T15:33:51Z,True,7,mobile_app,en,2026-09-14T15:33:51Z
rv_000549,galaxy_s24,usr_8252,4.0,Good overall,"Build quality is superb, feels very premium in hand.",2026-09-10T04:43:55Z,False,1,mobile_app,en,2026-09-10T04:43:55Z
rv_000550,galaxy_tab_s9,usr_3652,2.0,Khá thất vọng,Máy nhanh nóng khi dùng 4G hoặc quay video 4K.,2026-09-10T23:17:53Z,True,12,web_crawler,vi,2026-09-10T23:17:53Z
rv_000551,dell_xps_15,usr_4942,5.0,Rất hài lòng,"Sản phẩm dùng rất mượt, pin trâu hơn mong đợi.",2026-09-17T17:46:35Z,True,16,web_crawler,vi,2026-09-17T17:46:35Z
rv_000552,ipad_pro_m4,usr_7707,4.0,Tốt trong tầm giá,"Giao hàng nhanh, đóng gói cẩn thận, dùng 2 tuần chưa thấy lỗi gì.",2026-09-08T16:36:15Z,True,30,mobile_app,vi,2026-09-08T16:36:15Z
rv_000553,macbook_air_m3,usr_7004,5.0,Rất hài lòng,"Chất lượng hoàn thiện tuyệt vời, màn hình rất đẹp và sáng.",2026-09-06T09:56:58Z,True,23,mobile_app,vi,2026-09-06T09:56:58Z
rv_000554,rog_phone_8,usr_4754,4.0,Tốt trong tầm giá,"Giao hàng nhanh, đóng gói cẩn thận, dùng 2 tuần chưa thấy lỗi gì.",2026-09-10T00:22:08Z,True,38,web_crawler,vi,2026-09-10T00:22:08Z
rv_000555,galaxy_s24,usr_8123,4.0,Tốt trong tầm giá,"Giao hàng nhanh, đóng gói cẩn thận, dùng 2 tuần chưa thấy lỗi gì.",2026-08-30T15:45:41Z,True,12,partner_api,vi,2026-08-30T15:45:41Z
rv_000556,macbook_air_m3,usr_8481,5.0,Rất hài lòng,"Giao hàng nhanh, đóng gói cẩn thận, dùng 2 tuần chưa thấy lỗi gì.",2026-09-13T20:46:49Z,True,20,web_crawler,vi,2026-09-13T20:46:49Z
rv_000557,macbook_air_m3,usr_1810,2.0,Khá thất vọng,Sau cập nhật phần mềm xuất hiện sọc màn hình nhẹ.,2026-08-25T21:32:11Z,True,9,mobile_app,vi,2026-08-25T21:32:11Z
rv_000558,rog_phone_8,usr_9410,5.0,Rất hài lòng,"Chất lượng hoàn thiện tuyệt vời, màn hình rất đẹp và sáng.",2026-08-20T14:17:15Z,True,36,partner_api,vi,2026-08-20T14:17:15Z
rv_000559,ipad_pro_m4,usr_7942,5.0,Great purchase,Battery life easily lasts through a full heavy-use day.,2026-08-22T16:20:36Z,True,36,web_crawler,en,2026-08-22T16:20:36Z
rv_000560,dell_xps_15,usr_1342,5.0,Rất hài lòng,"Camera chụp đêm rất ấn tượng, độ chi tiết cao.",2026-09-03T01:27:24Z,True,36,mobile_app,vi,2026-09-03T01:27:24Z
rv_000561,galaxy_s24,usr_1474,4.0,Good overall,"Excellent device, blazing fast performance and gorgeous display.",2026-09-21T17:20:14Z,True,32,mobile_app,en,2026-09-21T17:20:14Z
rv_000562,iphone_15,usr_1989,5.0,Rất hài lòng,"Camera chụp đêm rất ấn tượng, độ chi tiết cao.",2026-09-13T09:30:29Z,False,1,mobile_app,vi,2026-09-13T09:30:29Z
rv_000563,galaxy_tab_s9,usr_6231,5.0,Rất hài lòng,"Giao hàng nhanh, đóng gói cẩn thận, dùng 2 tuần chưa thấy lỗi gì.",2026-08-31T03:44:32Z,True,33,partner_api,vi,2026-08-31T03:44:32Z
rv_000564,galaxy_s24,usr_1743,5.0,Rất hài lòng,"Rất hài lòng với quyết định nâng cấp lần này, 10/10.",2026-09-01T03:45:30Z,True,41,mobile_app,vi,2026-09-01T03:45:30Z
rv_000565,pixel_8_pro,usr_1517,4.0,Tốt trong tầm giá,"Sản phẩm dùng rất mượt, pin trâu hơn mong đợi.",2026-08-22T00:27:53Z,True,35,partner_api,vi,2026-08-22T00:27:53Z
rv_000566,galaxy_s24_ultra,usr_8102,4.0,Tốt trong tầm giá,"Chất lượng hoàn thiện tuyệt vời, màn hình rất đẹp và sáng.",2026-09-11T22:02:52Z,True,12,partner_api,vi,2026-09-11T22:02:52Z
rv_000567,iphone_15,usr_1028,1.0,Không hài lòng,Sau cập nhật phần mềm xuất hiện sọc màn hình nhẹ.,2026-09-04T06:38:04Z,True,25,web_crawler,vi,2026-09-04T06:38:04Z
rv_000568,galaxy_tab_s9,usr_7667,1.0,Poor quality,Overpriced for the features offered compared to competitors.,2026-09-11T03:44:59Z,True,30,partner_api,en,2026-09-11T03:44:59Z
rv_000569,xiaomi_14_pro,usr_7673,5.0,Rất hài lòng,"Sản phẩm dùng rất mượt, pin trâu hơn mong đợi.",2026-09-17T19:43:11Z,True,35,partner_api,vi,2026-09-17T19:43:11Z
rv_000570,dell_xps_15,usr_4619,5.0,Rất hài lòng,"Chất lượng hoàn thiện tuyệt vời, màn hình rất đẹp và sáng.",2026-08-23T07:32:38Z,True,37,partner_api,vi,2026-08-23T07:32:38Z
rv_000571,pixel_8_pro,usr_1687,3.0,Tạm ổn,"Dùng tạm được, chưa thực sự ấn tượng.",2026-08-29T16:07:39Z,True,11,web_crawler,vi,2026-08-29T16:07:39Z
rv_000572,macbook_air_m3,usr_5989,4.0,Tốt trong tầm giá,"Camera chụp đêm rất ấn tượng, độ chi tiết cao.",2026-09-22T06:32:49Z,True,9,web_crawler,vi,2026-09-22T06:32:49Z
rv_000573,iphone_15_pro,usr_5960,5.0,Rất hài lòng,"Rất hài lòng với quyết định nâng cấp lần này, 10/10.",2026-08-26T07:22:59Z,True,42,mobile_app,vi,2026-08-26T07:22:59Z
rv_000574,airpods_pro_2,usr_3693,5.0,Rất hài lòng,"Chất lượng hoàn thiện tuyệt vời, màn hình rất đẹp và sáng.",2026-08-27T10:51:19Z,True,20,web_crawler,vi,2026-08-27T10:51:19Z
rv_000575,airpods_pro_2,usr_4762,5.0,Rất hài lòng,"Rất hài lòng với quyết định nâng cấp lần này, 10/10.",2026-09-15T08:52:08Z,True,10,mobile_app,vi,2026-09-15T08:52:08Z
rv_000576,macbook_air_m3,usr_3102,5.0,Rất hài lòng,"Giao hàng nhanh, đóng gói cẩn thận, dùng 2 tuần chưa thấy lỗi gì.",2026-09-23T13:01:17Z,True,43,mobile_app,vi,2026-09-23T13:01:17Z
rv_000577,galaxy_tab_s9,usr_8162,3.0,Tạm ổn,"Dùng tạm được, chưa thực sự ấn tượng.",2026-09-15T00:47:50Z,True,3,partner_api,vi,2026-09-15T00:47:50Z
rv_000578,dell_xps_15,usr_9727,4.0,Tốt trong tầm giá,"Sản phẩm dùng rất mượt, pin trâu hơn mong đợi.",2026-09-08T08:58:14Z,True,19,partner_api,vi,2026-09-08T08:58:14Z
rv_000579,galaxy_s24,usr_4592,5.0,Rất hài lòng,"Sản phẩm dùng rất mượt, pin trâu hơn mong đợi.",2026-08-21T21:44:35Z,True,45,web_crawler,vi,2026-08-21T21:44:35Z
rv_000580,macbook_pro_m3,usr_1529,5.0,Rất hài lòng,"Camera chụp đêm rất ấn tượng, độ chi tiết cao.",2026-08-23T17:26:52Z,True,29,partner_api,vi,2026-08-23T17:26:52Z
rv_000581,rog_phone_8,usr_3369,5.0,Great purchase,"Build quality is superb, feels very premium in hand.",2026-08-29T20:07:26Z,True,24,web_crawler,en,2026-08-29T20:07:26Z
rv_000582,xiaomi_14_pro,usr_3457,5.0,Rất hài lòng,"Giao hàng nhanh, đóng gói cẩn thận, dùng 2 tuần chưa thấy lỗi gì.",2026-09-17T17:48:11Z,True,11,web_crawler,vi,2026-09-17T17:48:11Z
rv_000583,galaxy_s24,usr_5069,5.0,Great purchase,Highly recommended! Worth every single penny.,2026-08-23T14:02:04Z,True,27,web_crawler,en,2026-08-23T14:02:04Z
rv_000584,sony_wh1000xm5,usr_3080,5.0,Rất hài lòng,"Sản phẩm dùng rất mượt, pin trâu hơn mong đợi.",2026-08-29T01:48:12Z,True,28,web_crawler,vi,2026-08-29T01:48:12Z
rv_000585,macbook_pro_m3,usr_5970,5.0,Rất hài lòng,"Chất lượng hoàn thiện tuyệt vời, màn hình rất đẹp và sáng.",2026-08-27T13:35:42Z,True,40,partner_api,vi,2026-08-27T13:35:42Z
rv_000586,airpods_pro_2,usr_4953,5.0,Rất hài lòng,"Giao hàng nhanh, đóng gói cẩn thận, dùng 2 tuần chưa thấy lỗi gì.",2026-09-07T07:57:09Z,True,35,partner_api,vi,2026-09-07T07:57:09Z
rv_000587,sony_wh1000xm5,usr_2146,4.0,Tốt trong tầm giá,"Camera chụp đêm rất ấn tượng, độ chi tiết cao.",2026-09-06T19:14:22Z,True,20,partner_api,vi,2026-09-06T19:14:22Z
rv_000588,xiaomi_14_pro,usr_4751,5.0,Rất hài lòng,"Chất lượng hoàn thiện tuyệt vời, màn hình rất đẹp và sáng.",2026-09-03T04:17:24Z,True,23,partner_api,vi,2026-09-03T04:17:24Z
rv_000589,sony_wh1000xm5,usr_9796,4.0,Good overall,Cameras are outstanding in low light conditions.,2026-08-20T13:58:18Z,True,42,mobile_app,en,2026-08-20T13:58:18Z
rv_000590,macbook_pro_m3,usr_1161,5.0,Great purchase,"Build quality is superb, feels very premium in hand.",2026-09-22T21:59:47Z,True,32,web_crawler,en,2026-09-22T21:59:47Z
rv_000591,iphone_15_pro,usr_4166,5.0,Rất hài lòng,"Giao hàng nhanh, đóng gói cẩn thận, dùng 2 tuần chưa thấy lỗi gì.",2026-09-09T15:15:10Z,True,28,web_crawler,vi,2026-09-09T15:15:10Z
rv_000592,iphone_15,usr_6646,2.0,Disappointed,Overpriced for the features offered compared to competitors.,2026-09-22T06:38:31Z,True,9,mobile_app,en,2026-09-22T06:38:31Z
rv_000593,galaxy_s24,usr_1173,5.0,Rất hài lòng,"Giao hàng nhanh, đóng gói cẩn thận, dùng 2 tuần chưa thấy lỗi gì.",2026-09-10T09:21:00Z,True,42,mobile_app,vi,2026-09-10T09:21:00Z
rv_000594,airpods_pro_2,usr_6887,4.0,Tốt trong tầm giá,"Giao hàng nhanh, đóng gói cẩn thận, dùng 2 tuần chưa thấy lỗi gì.",2026-09-05T15:38:05Z,False,34,partner_api,vi,2026-09-05T15:38:05Z
rv_000595,galaxy_s24,usr_3242,5.0,Rất hài lòng,"Chất lượng hoàn thiện tuyệt vời, màn hình rất đẹp và sáng.",2026-09-15T09:18:50Z,True,42,web_crawler,vi,2026-09-15T09:18:50Z
rv_000596,ipad_pro_m4,usr_6412,5.0,Rất hài lòng,"Chất lượng hoàn thiện tuyệt vời, màn hình rất đẹp và sáng.",2026-09-21T16:28:41Z,True,19,partner_api,vi,2026-09-21T16:28:41Z
rv_000597,sony_wh1000xm5,usr_5593,5.0,Rất hài lòng,"Giao hàng nhanh, đóng gói cẩn thận, dùng 2 tuần chưa thấy lỗi gì.",2026-08-24T19:56:33Z,True,16,web_crawler,vi,2026-08-24T19:56:33Z
rv_000598,pixel_8_pro,usr_2378,5.0,Great purchase,"Build quality is superb, feels very premium in hand.",2026-08-21T20:37:30Z,True,37,partner_api,en,2026-08-21T20:37:30Z
rv_000599,iphone_15,usr_1002,3.0,Tạm ổn,"Dùng tạm được, chưa thực sự ấn tượng.",2026-08-26T17:54:16Z,True,0,partner_api,vi,2026-08-26T17:54:16Z
rv_000600,iphone_15,usr_2936,4.0,Good overall,Cameras are outstanding in low light conditions.,2026-09-03T15:48:42Z,True,22,mobile_app,en,2026-09-03T15:48:42Z
rv_000601,airpods_pro_2,usr_8607,5.0,Rất hài lòng,"Chất lượng hoàn thiện tuyệt vời, màn hình rất đẹp và sáng.",2026-08-23T17:31:21Z,True,43,web_crawler,vi,2026-08-23T17:31:21Z
rv_000602,thinkpad_x1_carbon,usr_9250,5.0,Rất hài lòng,"Camera chụp đêm rất ấn tượng, độ chi tiết cao.",2026-08-26T23:33:04Z,True,14,partner_api,vi,2026-08-26T23:33:04Z
rv_000603,macbook_pro_m3,usr_1450,5.0,Rất hài lòng,"Camera chụp đêm rất ấn tượng, độ chi tiết cao.",2026-09-05T16:41:31Z,True,17,mobile_app,vi,2026-09-05T16:41:31Z
rv_000604,dell_xps_15,usr_3248,4.0,Good overall,"Build quality is superb, feels very premium in hand.",2026-09-15T03:40:57Z,True,7,web_crawler,en,2026-09-15T03:40:57Z
rv_000605,xiaomi_14_pro,usr_8707,5.0,Rất hài lòng,"Rất hài lòng với quyết định nâng cấp lần này, 10/10.",2026-08-23T12:13:21Z,True,34,mobile_app,vi,2026-08-23T12:13:21Z
rv_000606,galaxy_s24,usr_3474,5.0,Rất hài lòng,"Rất hài lòng với quyết định nâng cấp lần này, 10/10.",2026-08-26T13:58:22Z,False,16,mobile_app,vi,2026-08-26T13:58:22Z
rv_000607,airpods_pro_2,usr_7584,4.0,Tốt trong tầm giá,"Giao hàng nhanh, đóng gói cẩn thận, dùng 2 tuần chưa thấy lỗi gì.",2026-08-31T18:30:28Z,True,24,partner_api,vi,2026-08-31T18:30:28Z
rv_000608,galaxy_s24_ultra,usr_7644,5.0,Rất hài lòng,"Chất lượng hoàn thiện tuyệt vời, màn hình rất đẹp và sáng.",2026-09-15T06:37:06Z,True,25,mobile_app,vi,2026-09-15T06:37:06Z
rv_000609,macbook_pro_m3,usr_2530,3.0,Tạm ổn,"Dùng tạm được, chưa thực sự ấn tượng.",2026-09-18T22:24:50Z,True,38,web_crawler,vi,2026-09-18T22:24:50Z
rv_000610,pixel_8_pro,usr_3972,5.0,Rất hài lòng,"Sản phẩm dùng rất mượt, pin trâu hơn mong đợi.",2026-08-23T15:10:48Z,False,41,mobile_app,vi,2026-08-23T15:10:48Z
rv_000611,iphone_15,usr_7786,5.0,Rất hài lòng,"Camera chụp đêm rất ấn tượng, độ chi tiết cao.",2026-09-21T01:50:17Z,True,16,partner_api,vi,2026-09-21T01:50:17Z
rv_000612,galaxy_s24,usr_4662,5.0,Rất hài lòng,"Camera chụp đêm rất ấn tượng, độ chi tiết cao.",2026-09-05T09:43:18Z,True,2,mobile_app,vi,2026-09-05T09:43:18Z
rv_000613,galaxy_s24_ultra,usr_7218,5.0,Great purchase,"Excellent device, blazing fast performance and gorgeous display.",2026-09-02T04:55:46Z,True,8,mobile_app,en,2026-09-02T04:55:46Z
rv_000614,galaxy_tab_s9,usr_6924,5.0,Rất hài lòng,"Camera chụp đêm rất ấn tượng, độ chi tiết cao.",2026-09-08T04:16:37Z,True,13,web_crawler,vi,2026-09-08T04:16:37Z
rv_000615,ipad_pro_m4,usr_6431,2.0,Khá thất vọng,Máy nhanh nóng khi dùng 4G hoặc quay video 4K.,2026-09-02T02:34:40Z,True,20,partner_api,vi,2026-09-02T02:34:40Z
rv_000616,galaxy_s24,usr_2940,1.0,Poor quality,Battery drainage issue observed after recent firmware update.,2026-09-12T10:28:43Z,False,22,web_crawler,en,2026-09-12T10:28:43Z
rv_000617,galaxy_s24_ultra,usr_5645,5.0,Great purchase,Battery life easily lasts through a full heavy-use day.,2026-08-28T04:34:29Z,True,5,web_crawler,en,2026-08-28T04:34:29Z
rv_000618,macbook_pro_m3,usr_9047,4.0,Tốt trong tầm giá,"Chất lượng hoàn thiện tuyệt vời, màn hình rất đẹp và sáng.",2026-09-01T07:55:50Z,True,11,mobile_app,vi,2026-09-01T07:55:50Z
rv_000619,pixel_8_pro,usr_3579,5.0,Rất hài lòng,"Camera chụp đêm rất ấn tượng, độ chi tiết cao.",2026-09-10T16:28:38Z,True,45,web_crawler,vi,2026-09-10T16:28:38Z
rv_000620,macbook_pro_m3,usr_3166,3.0,Tạm ổn,"Dùng tạm được, chưa thực sự ấn tượng.",2026-09-02T22:32:56Z,True,22,web_crawler,vi,2026-09-02T22:32:56Z
rv_000621,galaxy_s24_ultra,usr_9596,5.0,Rất hài lòng,"Sản phẩm dùng rất mượt, pin trâu hơn mong đợi.",2026-09-09T20:56:38Z,True,8,partner_api,vi,2026-09-09T20:56:38Z
rv_000622,galaxy_s24,usr_8361,5.0,Rất hài lòng,"Chất lượng hoàn thiện tuyệt vời, màn hình rất đẹp và sáng.",2026-09-23T17:00:29Z,True,3,partner_api,vi,2026-09-23T17:00:29Z
rv_000623,thinkpad_x1_carbon,usr_2403,5.0,Great purchase,Cameras are outstanding in low light conditions.,2026-09-13T04:23:53Z,True,36,mobile_app,en,2026-09-13T04:23:53Z
rv_000624,galaxy_tab_s9,usr_4167,4.0,Good overall,Cameras are outstanding in low light conditions.,2026-09-09T17:48:24Z,True,0,web_crawler,en,2026-09-09T17:48:24Z
rv_000625,galaxy_s24_ultra,usr_6491,5.0,Rất hài lòng,"Rất hài lòng với quyết định nâng cấp lần này, 10/10.",2026-09-11T04:09:18Z,True,6,mobile_app,vi,2026-09-11T04:09:18Z
rv_000626,airpods_pro_2,usr_7991,5.0,Rất hài lòng,"Rất hài lòng với quyết định nâng cấp lần này, 10/10.",2026-09-03T14:00:41Z,True,18,web_crawler,vi,2026-09-03T14:00:41Z
rv_000627,dell_xps_15,usr_3013,4.0,Good overall,Battery life easily lasts through a full heavy-use day.,2026-09-17T05:02:33Z,True,13,web_crawler,en,2026-09-17T05:02:33Z
rv_000628,galaxy_tab_s9,usr_4385,5.0,Rất hài lòng,"Camera chụp đêm rất ấn tượng, độ chi tiết cao.",2026-09-06T15:09:11Z,True,20,partner_api,vi,2026-09-06T15:09:11Z
rv_000629,airpods_pro_2,usr_6400,5.0,Rất hài lòng,"Sản phẩm dùng rất mượt, pin trâu hơn mong đợi.",2026-09-09T13:46:33Z,False,8,mobile_app,vi,2026-09-09T13:46:33Z
rv_000630,ipad_pro_m4,usr_2935,3.0,Average,"Decent, but expected more.",2026-08-26T23:17:51Z,True,13,web_crawler,en,2026-08-26T23:17:51Z
rv_000631,dell_xps_15,usr_6446,4.0,Tốt trong tầm giá,"Chất lượng hoàn thiện tuyệt vời, màn hình rất đẹp và sáng.",2026-08-25T03:32:20Z,True,13,web_crawler,vi,2026-08-25T03:32:20Z
rv_000632,macbook_air_m3,usr_6704,1.0,Không hài lòng,Giá hơi đắt so với trải nghiệm thực tế mang lại.,2026-09-19T03:47:09Z,True,33,web_crawler,vi,2026-09-19T03:47:09Z
rv_000633,iphone_15_pro,usr_4821,5.0,Rất hài lòng,"Giao hàng nhanh, đóng gói cẩn thận, dùng 2 tuần chưa thấy lỗi gì.",2026-09-18T02:41:54Z,False,15,web_crawler,vi,2026-09-18T02:41:54Z
rv_000634,dell_xps_15,usr_2321,5.0,Great purchase,Battery life easily lasts through a full heavy-use day.,2026-09-14T14:46:00Z,True,18,partner_api,en,2026-09-14T14:46:00Z
rv_000635,thinkpad_x1_carbon,usr_7598,5.0,Rất hài lòng,"Sản phẩm dùng rất mượt, pin trâu hơn mong đợi.",2026-09-18T06:30:55Z,True,6,web_crawler,vi,2026-09-18T06:30:55Z
rv_000636,thinkpad_x1_carbon,usr_5294,3.0,Tạm ổn,"Dùng tạm được, chưa thực sự ấn tượng.",2026-08-30T20:28:03Z,True,42,mobile_app,vi,2026-08-30T20:28:03Z
rv_000637,iphone_15,usr_6639,5.0,Rất hài lòng,"Rất hài lòng với quyết định nâng cấp lần này, 10/10.",2026-09-08T16:33:35Z,True,27,partner_api,vi,2026-09-08T16:33:35Z
rv_000638,macbook_pro_m3,usr_6976,5.0,Rất hài lòng,"Rất hài lòng với quyết định nâng cấp lần này, 10/10.",2026-09-21T00:04:15Z,True,10,partner_api,vi,2026-09-21T00:04:15Z
rv_000639,ipad_pro_m4,usr_4738,5.0,Great purchase,Battery life easily lasts through a full heavy-use day.,2026-08-30T23:07:24Z,True,6,web_crawler,en,2026-08-30T23:07:24Z
rv_000640,iphone_15_pro,usr_6836,5.0,Great purchase,"Build quality is superb, feels very premium in hand.",2026-09-17T18:07:27Z,True,41,partner_api,en,2026-09-17T18:07:27Z
rv_000641,macbook_pro_m3,usr_2024,4.0,Tốt trong tầm giá,"Rất hài lòng với quyết định nâng cấp lần này, 10/10.",2026-09-21T06:08:37Z,True,28,web_crawler,vi,2026-09-21T06:08:37Z
rv_000642,sony_wh1000xm5,usr_5272,5.0,Rất hài lòng,"Giao hàng nhanh, đóng gói cẩn thận, dùng 2 tuần chưa thấy lỗi gì.",2026-08-28T08:37:01Z,False,15,partner_api,vi,2026-08-28T08:37:01Z
rv_000643,macbook_pro_m3,usr_2648,5.0,Rất hài lòng,"Sản phẩm dùng rất mượt, pin trâu hơn mong đợi.",2026-09-09T12:34:16Z,True,2,web_crawler,vi,2026-09-09T12:34:16Z
rv_000644,dell_xps_15,usr_3909,4.0,Tốt trong tầm giá,"Sản phẩm dùng rất mượt, pin trâu hơn mong đợi.",2026-09-19T06:01:19Z,True,40,mobile_app,vi,2026-09-19T06:01:19Z
rv_000645,xiaomi_14_pro,usr_9352,1.0,Poor quality,Battery drainage issue observed after recent firmware update.,2026-08-28T13:32:52Z,True,27,mobile_app,en,2026-08-28T13:32:52Z
rv_000646,airpods_pro_2,usr_5530,5.0,Rất hài lòng,"Camera chụp đêm rất ấn tượng, độ chi tiết cao.",2026-09-05T02:21:20Z,False,25,partner_api,vi,2026-09-05T02:21:20Z
rv_000647,pixel_8_pro,usr_6672,5.0,Rất hài lòng,"Chất lượng hoàn thiện tuyệt vời, màn hình rất đẹp và sáng.",2026-09-19T06:04:51Z,True,31,mobile_app,vi,2026-09-19T06:04:51Z
rv_000648,pixel_8_pro,usr_8074,5.0,Great purchase,"Build quality is superb, feels very premium in hand.",2026-09-17T17:41:35Z,True,32,web_crawler,en,2026-09-17T17:41:35Z
rv_000649,pixel_8_pro,usr_1861,5.0,Great purchase,Highly recommended! Worth every single penny.,2026-08-28T16:33:58Z,True,27,mobile_app,en,2026-08-28T16:33:58Z
rv_000650,iphone_15_pro,usr_9137,5.0,Rất hài lòng,"Giao hàng nhanh, đóng gói cẩn thận, dùng 2 tuần chưa thấy lỗi gì.",2026-09-23T00:07:45Z,True,28,web_crawler,vi,2026-09-23T00:07:45Z
rv_000651,galaxy_tab_s9,usr_8802,5.0,Rất hài lòng,"Rất hài lòng với quyết định nâng cấp lần này, 10/10.",2026-09-08T01:53:17Z,True,18,web_crawler,vi,2026-09-08T01:53:17Z
rv_000652,macbook_pro_m3,usr_6369,5.0,Great purchase,"Excellent device, blazing fast performance and gorgeous display.",2026-08-20T11:43:36Z,True,15,partner_api,en,2026-08-20T11:43:36Z
rv_000653,macbook_pro_m3,usr_1047,5.0,Great purchase,Cameras are outstanding in low light conditions.,2026-08-31T14:25:29Z,True,29,web_crawler,en,2026-08-31T14:25:29Z
rv_000654,sony_wh1000xm5,usr_6386,5.0,Rất hài lòng,"Chất lượng hoàn thiện tuyệt vời, màn hình rất đẹp và sáng.",2026-09-08T02:43:34Z,True,13,mobile_app,vi,2026-09-08T02:43:34Z
rv_000655,airpods_pro_2,usr_6977,5.0,Rất hài lòng,"Camera chụp đêm rất ấn tượng, độ chi tiết cao.",2026-08-26T21:28:31Z,True,18,mobile_app,vi,2026-08-26T21:28:31Z
rv_000656,dell_xps_15,usr_8006,5.0,Great purchase,"Build quality is superb, feels very premium in hand.",2026-09-02T11:20:14Z,True,14,web_crawler,en,2026-09-02T11:20:14Z
rv_000657,dell_xps_15,usr_8626,5.0,Great purchase,Highly recommended! Worth every single penny.,2026-09-02T08:14:16Z,True,24,partner_api,en,2026-09-02T08:14:16Z
rv_000658,iphone_15_pro,usr_4408,3.0,Average,"Decent, but expected more.",2026-09-07T19:31:39Z,True,18,mobile_app,en,2026-09-07T19:31:39Z
rv_000659,sony_wh1000xm5,usr_2526,4.0,Good overall,Cameras are outstanding in low light conditions.,2026-09-15T14:09:39Z,True,13,mobile_app,en,2026-09-15T14:09:39Z
rv_000660,macbook_pro_m3,usr_1856,5.0,Rất hài lòng,"Rất hài lòng với quyết định nâng cấp lần này, 10/10.",2026-09-14T23:57:58Z,True,27,partner_api,vi,2026-09-14T23:57:58Z
rv_000661,galaxy_s24_ultra,usr_1740,4.0,Tốt trong tầm giá,"Sản phẩm dùng rất mượt, pin trâu hơn mong đợi.",2026-08-25T14:22:17Z,True,10,mobile_app,vi,2026-08-25T14:22:17Z
rv_000662,thinkpad_x1_carbon,usr_8355,4.0,Tốt trong tầm giá,"Sản phẩm dùng rất mượt, pin trâu hơn mong đợi.",2026-08-27T11:19:18Z,True,27,mobile_app,vi,2026-08-27T11:19:18Z
rv_000663,galaxy_s24_ultra,usr_6366,5.0,Rất hài lòng,"Rất hài lòng với quyết định nâng cấp lần này, 10/10.",2026-09-22T12:05:00Z,True,36,partner_api,vi,2026-09-22T12:05:00Z
rv_000664,iphone_15_pro,usr_3666,5.0,Great purchase,Cameras are outstanding in low light conditions.,2026-08-31T04:41:53Z,True,34,partner_api,en,2026-08-31T04:41:53Z
rv_000665,rog_phone_8,usr_4892,4.0,Tốt trong tầm giá,"Camera chụp đêm rất ấn tượng, độ chi tiết cao.",2026-09-05T17:45:01Z,True,6,web_crawler,vi,2026-09-05T17:45:01Z
rv_000666,iphone_15,usr_6087,3.0,Tạm ổn,"Dùng tạm được, chưa thực sự ấn tượng.",2026-09-18T00:49:20Z,False,26,partner_api,vi,2026-09-18T00:49:20Z
rv_000667,macbook_pro_m3,usr_9543,5.0,Rất hài lòng,"Giao hàng nhanh, đóng gói cẩn thận, dùng 2 tuần chưa thấy lỗi gì.",2026-09-18T06:03:14Z,True,1,web_crawler,vi,2026-09-18T06:03:14Z
rv_000668,galaxy_tab_s9,usr_8844,5.0,Great purchase,"Excellent device, blazing fast performance and gorgeous display.",2026-09-01T22:27:45Z,True,4,mobile_app,en,2026-09-01T22:27:45Z
rv_000669,airpods_pro_2,usr_2954,5.0,Rất hài lòng,"Giao hàng nhanh, đóng gói cẩn thận, dùng 2 tuần chưa thấy lỗi gì.",2026-09-19T13:41:41Z,True,39,partner_api,vi,2026-09-19T13:41:41Z
rv_000670,ipad_pro_m4,usr_6373,4.0,Tốt trong tầm giá,"Chất lượng hoàn thiện tuyệt vời, màn hình rất đẹp và sáng.",2026-09-17T13:28:54Z,True,40,mobile_app,vi,2026-09-17T13:28:54Z
rv_000671,pixel_8_pro,usr_8301,1.0,Poor quality,Occasional software glitch causing random restarts.,2026-09-06T06:30:57Z,True,18,web_crawler,en,2026-09-06T06:30:57Z
rv_000672,pixel_8_pro,usr_3107,3.0,Tạm ổn,"Dùng tạm được, chưa thực sự ấn tượng.",2026-09-11T10:34:56Z,True,33,partner_api,vi,2026-09-11T10:34:56Z
rv_000673,xiaomi_14_pro,usr_4602,4.0,Tốt trong tầm giá,"Giao hàng nhanh, đóng gói cẩn thận, dùng 2 tuần chưa thấy lỗi gì.",2026-08-26T05:31:38Z,True,27,web_crawler,vi,2026-08-26T05:31:38Z
rv_000674,galaxy_s24,usr_2466,5.0,Rất hài lòng,"Giao hàng nhanh, đóng gói cẩn thận, dùng 2 tuần chưa thấy lỗi gì.",2026-09-15T00:04:45Z,True,40,mobile_app,vi,2026-09-15T00:04:45Z
rv_000675,iphone_15_pro,usr_2384,5.0,Rất hài lòng,"Giao hàng nhanh, đóng gói cẩn thận, dùng 2 tuần chưa thấy lỗi gì.",2026-09-12T03:09:39Z,True,27,web_crawler,vi,2026-09-12T03:09:39Z
rv_000676,macbook_air_m3,usr_1940,4.0,Good overall,"Build quality is superb, feels very premium in hand.",2026-09-14T09:50:04Z,True,4,mobile_app,en,2026-09-14T09:50:04Z
rv_000677,galaxy_s24,usr_4878,5.0,Great purchase,Highly recommended! Worth every single penny.,2026-09-01T10:24:38Z,True,32,web_crawler,en,2026-09-01T10:24:38Z
rv_000678,macbook_pro_m3,usr_7550,5.0,Rất hài lòng,"Camera chụp đêm rất ấn tượng, độ chi tiết cao.",2026-09-07T16:16:30Z,True,13,mobile_app,vi,2026-09-07T16:16:30Z
rv_000679,iphone_15_pro,usr_5285,1.0,Không hài lòng,Máy nhanh nóng khi dùng 4G hoặc quay video 4K.,2026-08-29T10:38:03Z,True,40,web_crawler,vi,2026-08-29T10:38:03Z
rv_000680,iphone_15,usr_1576,4.0,Good overall,"Excellent device, blazing fast performance and gorgeous display.",2026-09-06T17:51:55Z,True,34,mobile_app,en,2026-09-06T17:51:55Z
rv_000681,iphone_15_pro,usr_1925,4.0,Tốt trong tầm giá,"Camera chụp đêm rất ấn tượng, độ chi tiết cao.",2026-09-18T18:59:17Z,True,12,web_crawler,vi,2026-09-18T18:59:17Z
rv_000682,dell_xps_15,usr_7652,5.0,Great purchase,"Build quality is superb, feels very premium in hand.",2026-08-21T15:30:53Z,True,25,partner_api,en,2026-08-21T15:30:53Z
rv_000683,macbook_pro_m3,usr_3305,5.0,Rất hài lòng,"Giao hàng nhanh, đóng gói cẩn thận, dùng 2 tuần chưa thấy lỗi gì.",2026-09-11T12:16:13Z,True,5,partner_api,vi,2026-09-11T12:16:13Z
rv_000684,galaxy_s24_ultra,usr_9316,5.0,Great purchase,"Excellent device, blazing fast performance and gorgeous display.",2026-09-13T02:21:09Z,True,37,mobile_app,en,2026-09-13T02:21:09Z
rv_000685,xiaomi_14_pro,usr_7251,5.0,Rất hài lòng,"Rất hài lòng với quyết định nâng cấp lần này, 10/10.",2026-08-25T09:24:41Z,True,4,web_crawler,vi,2026-08-25T09:24:41Z
rv_000686,ipad_pro_m4,usr_6643,1.0,Không hài lòng,"Thiết kế dễ bám vân tay, loa ngoài hơi rè ở âm lượng lớn.",2026-08-23T00:18:18Z,True,23,web_crawler,vi,2026-08-23T00:18:18Z
rv_000687,galaxy_s24,usr_7881,3.0,Tạm ổn,"Dùng tạm được, chưa thực sự ấn tượng.",2026-08-28T09:37:40Z,True,12,partner_api,vi,2026-08-28T09:37:40Z
rv_000688,xiaomi_14_pro,usr_6141,3.0,Average,"Decent, but expected more.",2026-09-22T06:19:48Z,True,22,web_crawler,en,2026-09-22T06:19:48Z
rv_000689,xiaomi_14_pro,usr_5661,4.0,Tốt trong tầm giá,"Camera chụp đêm rất ấn tượng, độ chi tiết cao.",2026-09-02T05:02:40Z,True,41,partner_api,vi,2026-09-02T05:02:40Z
rv_000690,galaxy_s24_ultra,usr_5951,5.0,Great purchase,"Excellent device, blazing fast performance and gorgeous display.",2026-09-11T05:49:27Z,True,1,mobile_app,en,2026-09-11T05:49:27Z
rv_000691,galaxy_tab_s9,usr_6138,5.0,Great purchase,Cameras are outstanding in low light conditions.,2026-09-22T03:47:58Z,True,39,mobile_app,en,2026-09-22T03:47:58Z
rv_000692,galaxy_s24,usr_1071,5.0,Great purchase,Battery life easily lasts through a full heavy-use day.,2026-09-09T08:21:58Z,False,1,partner_api,en,2026-09-09T08:21:58Z
rv_000693,galaxy_tab_s9,usr_4107,5.0,Great purchase,"Excellent device, blazing fast performance and gorgeous display.",2026-08-25T02:07:44Z,True,27,mobile_app,en,2026-08-25T02:07:44Z
rv_000694,sony_wh1000xm5,usr_6318,5.0,Rất hài lòng,"Rất hài lòng với quyết định nâng cấp lần này, 10/10.",2026-08-29T00:46:11Z,True,28,partner_api,vi,2026-08-29T00:46:11Z
rv_000695,galaxy_s24_ultra,usr_8336,3.0,Tạm ổn,"Dùng tạm được, chưa thực sự ấn tượng.",2026-08-30T22:01:25Z,False,32,web_crawler,vi,2026-08-30T22:01:25Z
rv_000696,rog_phone_8,usr_5542,4.0,Tốt trong tầm giá,"Chất lượng hoàn thiện tuyệt vời, màn hình rất đẹp và sáng.",2026-08-27T11:00:20Z,True,14,web_crawler,vi,2026-08-27T11:00:20Z
rv_000697,ipad_pro_m4,usr_6851,5.0,Rất hài lòng,"Chất lượng hoàn thiện tuyệt vời, màn hình rất đẹp và sáng.",2026-08-22T20:29:01Z,True,33,mobile_app,vi,2026-08-22T20:29:01Z
rv_000698,iphone_15_pro,usr_6192,4.0,Tốt trong tầm giá,"Camera chụp đêm rất ấn tượng, độ chi tiết cao.",2026-09-14T11:48:39Z,True,44,mobile_app,vi,2026-09-14T11:48:39Z
rv_000699,macbook_air_m3,usr_9760,3.0,Average,"Decent, but expected more.",2026-09-15T05:18:09Z,True,1,mobile_app,en,2026-09-15T05:18:09Z
rv_000700,galaxy_s24_ultra,usr_9618,1.0,Poor quality,Occasional software glitch causing random restarts.,2026-08-23T10:34:22Z,True,8,mobile_app,en,2026-08-23T10:34:22Z
rv_000701,galaxy_tab_s9,usr_3435,4.0,Tốt trong tầm giá,"Camera chụp đêm rất ấn tượng, độ chi tiết cao.",2026-09-14T12:30:46Z,True,43,partner_api,vi,2026-09-14T12:30:46Z
rv_000702,iphone_15,usr_8670,5.0,Rất hài lòng,"Camera chụp đêm rất ấn tượng, độ chi tiết cao.",2026-09-08T12:52:11Z,True,25,mobile_app,vi,2026-09-08T12:52:11Z
rv_000703,macbook_air_m3,usr_8329,4.0,Tốt trong tầm giá,"Rất hài lòng với quyết định nâng cấp lần này, 10/10.",2026-09-15T20:26:18Z,True,40,web_crawler,vi,2026-09-15T20:26:18Z
rv_000704,galaxy_s24_ultra,usr_9204,5.0,Rất hài lòng,"Camera chụp đêm rất ấn tượng, độ chi tiết cao.",2026-08-30T00:20:59Z,True,10,web_crawler,vi,2026-08-30T00:20:59Z
rv_000705,iphone_15,usr_9133,5.0,Great purchase,"Build quality is superb, feels very premium in hand.",2026-09-05T18:42:40Z,True,11,web_crawler,en,2026-09-05T18:42:40Z
rv_000706,iphone_15,usr_1501,5.0,Great purchase,Highly recommended! Worth every single penny.,2026-09-16T21:45:17Z,True,18,mobile_app,en,2026-09-16T21:45:17Z
rv_000707,thinkpad_x1_carbon,usr_9883,4.0,Tốt trong tầm giá,"Rất hài lòng với quyết định nâng cấp lần này, 10/10.",2026-09-22T06:11:50Z,True,18,web_crawler,vi,2026-09-22T06:11:50Z
rv_000708,rog_phone_8,usr_2083,5.0,Rất hài lòng,"Giao hàng nhanh, đóng gói cẩn thận, dùng 2 tuần chưa thấy lỗi gì.",2026-08-29T10:53:09Z,True,34,partner_api,vi,2026-08-29T10:53:09Z
rv_000709,iphone_15,usr_1362,2.0,Khá thất vọng,Máy nhanh nóng khi dùng 4G hoặc quay video 4K.,2026-09-03T01:41:17Z,True,42,web_crawler,vi,2026-09-03T01:41:17Z
rv_000710,pixel_8_pro,usr_4878,5.0,Rất hài lòng,"Giao hàng nhanh, đóng gói cẩn thận, dùng 2 tuần chưa thấy lỗi gì.",2026-08-25T01:38:24Z,True,1,mobile_app,vi,2026-08-25T01:38:24Z
rv_000711,iphone_15_pro,usr_3484,3.0,Tạm ổn,"Dùng tạm được, chưa thực sự ấn tượng.",2026-09-19T12:43:48Z,True,22,web_crawler,vi,2026-09-19T12:43:48Z
rv_000712,xiaomi_14_pro,usr_7468,5.0,Rất hài lòng,"Sản phẩm dùng rất mượt, pin trâu hơn mong đợi.",2026-09-09T08:15:14Z,True,44,web_crawler,vi,2026-09-09T08:15:14Z
rv_000713,sony_wh1000xm5,usr_3251,4.0,Tốt trong tầm giá,"Chất lượng hoàn thiện tuyệt vời, màn hình rất đẹp và sáng.",2026-09-16T14:59:24Z,True,16,mobile_app,vi,2026-09-16T14:59:24Z
rv_000714,macbook_air_m3,usr_3840,5.0,Rất hài lòng,"Camera chụp đêm rất ấn tượng, độ chi tiết cao.",2026-08-26T00:49:40Z,True,3,partner_api,vi,2026-08-26T00:49:40Z
rv_000715,airpods_pro_2,usr_9946,5.0,Rất hài lòng,"Camera chụp đêm rất ấn tượng, độ chi tiết cao.",2026-09-01T07:36:55Z,True,44,mobile_app,vi,2026-09-01T07:36:55Z
rv_000716,macbook_pro_m3,usr_4169,5.0,Rất hài lòng,"Chất lượng hoàn thiện tuyệt vời, màn hình rất đẹp và sáng.",2026-09-22T11:40:16Z,False,40,mobile_app,vi,2026-09-22T11:40:16Z
rv_000717,thinkpad_x1_carbon,usr_5251,4.0,Tốt trong tầm giá,"Camera chụp đêm rất ấn tượng, độ chi tiết cao.",2026-09-05T00:43:00Z,True,30,mobile_app,vi,2026-09-05T00:43:00Z
rv_000718,galaxy_s24,usr_9267,3.0,Average,"Decent, but expected more.",2026-08-29T05:41:47Z,False,39,web_crawler,en,2026-08-29T05:41:47Z
rv_000719,macbook_air_m3,usr_9026,5.0,Rất hài lòng,"Camera chụp đêm rất ấn tượng, độ chi tiết cao.",2026-09-03T15:42:28Z,True,9,mobile_app,vi,2026-09-03T15:42:28Z
rv_000720,pixel_8_pro,usr_5706,5.0,Rất hài lòng,"Giao hàng nhanh, đóng gói cẩn thận, dùng 2 tuần chưa thấy lỗi gì.",2026-09-04T09:43:57Z,True,33,partner_api,vi,2026-09-04T09:43:57Z
rv_000721,thinkpad_x1_carbon,usr_7751,5.0,Great purchase,Cameras are outstanding in low light conditions.,2026-09-01T11:20:31Z,True,22,partner_api,en,2026-09-01T11:20:31Z
rv_000722,ipad_pro_m4,usr_6360,5.0,Rất hài lòng,"Sản phẩm dùng rất mượt, pin trâu hơn mong đợi.",2026-09-03T14:38:08Z,True,16,web_crawler,vi,2026-09-03T14:38:08Z
rv_000723,macbook_air_m3,usr_5373,4.0,Good overall,Highly recommended! Worth every single penny.,2026-08-30T16:53:32Z,True,9,mobile_app,en,2026-08-30T16:53:32Z
rv_000724,xiaomi_14_pro,usr_8177,5.0,Rất hài lòng,"Sản phẩm dùng rất mượt, pin trâu hơn mong đợi.",2026-08-30T06:59:35Z,True,43,mobile_app,vi,2026-08-30T06:59:35Z
rv_000725,iphone_15,usr_2426,5.0,Rất hài lòng,"Sản phẩm dùng rất mượt, pin trâu hơn mong đợi.",2026-08-29T18:36:33Z,True,10,web_crawler,vi,2026-08-29T18:36:33Z
rv_000726,pixel_8_pro,usr_9717,5.0,Great purchase,Cameras are outstanding in low light conditions.,2026-09-08T04:08:24Z,True,29,web_crawler,en,2026-09-08T04:08:24Z
rv_000727,galaxy_s24_ultra,usr_6150,5.0,Rất hài lòng,"Giao hàng nhanh, đóng gói cẩn thận, dùng 2 tuần chưa thấy lỗi gì.",2026-09-05T15:59:27Z,True,38,web_crawler,vi,2026-09-05T15:59:27Z
rv_000728,macbook_air_m3,usr_7933,5.0,Rất hài lòng,"Sản phẩm dùng rất mượt, pin trâu hơn mong đợi.",2026-08-31T19:37:33Z,True,20,mobile_app,vi,2026-08-31T19:37:33Z
rv_000729,thinkpad_x1_carbon,usr_2936,1.0,Poor quality,Customer service was unresponsive when reporting cosmetic defect.,2026-09-23T04:21:10Z,True,8,partner_api,en,2026-09-23T04:21:10Z
rv_000730,rog_phone_8,usr_6202,5.0,Rất hài lòng,"Giao hàng nhanh, đóng gói cẩn thận, dùng 2 tuần chưa thấy lỗi gì.",2026-09-22T06:00:58Z,True,42,mobile_app,vi,2026-09-22T06:00:58Z
rv_000731,airpods_pro_2,usr_9346,5.0,Great purchase,"Build quality is superb, feels very premium in hand.",2026-09-20T01:18:54Z,True,24,web_crawler,en,2026-09-20T01:18:54Z
rv_000732,macbook_air_m3,usr_4040,4.0,Tốt trong tầm giá,"Camera chụp đêm rất ấn tượng, độ chi tiết cao.",2026-09-20T05:39:42Z,True,32,mobile_app,vi,2026-09-20T05:39:42Z
rv_000733,macbook_air_m3,usr_5609,4.0,Good overall,Highly recommended! Worth every single penny.,2026-09-17T04:32:37Z,False,21,partner_api,en,2026-09-17T04:32:37Z
rv_000734,rog_phone_8,usr_6756,5.0,Rất hài lòng,"Sản phẩm dùng rất mượt, pin trâu hơn mong đợi.",2026-09-01T22:34:25Z,True,35,mobile_app,vi,2026-09-01T22:34:25Z
rv_000735,rog_phone_8,usr_8426,4.0,Tốt trong tầm giá,"Giao hàng nhanh, đóng gói cẩn thận, dùng 2 tuần chưa thấy lỗi gì.",2026-08-28T13:42:25Z,True,17,mobile_app,vi,2026-08-28T13:42:25Z
rv_000736,ipad_pro_m4,usr_8097,4.0,Good overall,Cameras are outstanding in low light conditions.,2026-08-30T02:12:11Z,True,20,web_crawler,en,2026-08-30T02:12:11Z
rv_000737,airpods_pro_2,usr_3993,5.0,Rất hài lòng,"Sản phẩm dùng rất mượt, pin trâu hơn mong đợi.",2026-08-21T01:57:21Z,True,18,mobile_app,vi,2026-08-21T01:57:21Z
rv_000738,macbook_pro_m3,usr_5686,5.0,Rất hài lòng,"Camera chụp đêm rất ấn tượng, độ chi tiết cao.",2026-08-31T22:28:35Z,True,22,web_crawler,vi,2026-08-31T22:28:35Z
rv_000739,xiaomi_14_pro,usr_8796,4.0,Good overall,Cameras are outstanding in low light conditions.,2026-09-22T03:16:07Z,True,18,partner_api,en,2026-09-22T03:16:07Z
rv_000740,xiaomi_14_pro,usr_4357,5.0,Rất hài lòng,"Chất lượng hoàn thiện tuyệt vời, màn hình rất đẹp và sáng.",2026-09-05T16:32:01Z,True,15,mobile_app,vi,2026-09-05T16:32:01Z
rv_000741,dell_xps_15,usr_1546,3.0,Tạm ổn,"Dùng tạm được, chưa thực sự ấn tượng.",2026-08-24T12:01:50Z,True,40,partner_api,vi,2026-08-24T12:01:50Z
rv_000742,dell_xps_15,usr_5878,1.0,Không hài lòng,Máy nhanh nóng khi dùng 4G hoặc quay video 4K.,2026-09-01T17:35:25Z,True,42,partner_api,vi,2026-09-01T17:35:25Z
rv_000743,pixel_8_pro,usr_6856,4.0,Good overall,"Build quality is superb, feels very premium in hand.",2026-09-09T07:40:29Z,True,28,mobile_app,en,2026-09-09T07:40:29Z
rv_000744,ipad_pro_m4,usr_3709,5.0,Rất hài lòng,"Rất hài lòng với quyết định nâng cấp lần này, 10/10.",2026-08-21T20:14:09Z,True,21,mobile_app,vi,2026-08-21T20:14:09Z
rv_000745,dell_xps_15,usr_4837,5.0,Rất hài lòng,"Giao hàng nhanh, đóng gói cẩn thận, dùng 2 tuần chưa thấy lỗi gì.",2026-09-07T12:29:45Z,True,42,web_crawler,vi,2026-09-07T12:29:45Z
rv_000746,airpods_pro_2,usr_8256,4.0,Tốt trong tầm giá,"Giao hàng nhanh, đóng gói cẩn thận, dùng 2 tuần chưa thấy lỗi gì.",2026-08-23T19:40:19Z,True,0,partner_api,vi,2026-08-23T19:40:19Z
rv_000747,airpods_pro_2,usr_8791,5.0,Rất hài lòng,"Chất lượng hoàn thiện tuyệt vời, màn hình rất đẹp và sáng.",2026-08-31T16:57:17Z,False,30,web_crawler,vi,2026-08-31T16:57:17Z
rv_000748,iphone_15,usr_1815,5.0,Rất hài lòng,"Chất lượng hoàn thiện tuyệt vời, màn hình rất đẹp và sáng.",2026-09-16T22:47:36Z,True,33,mobile_app,vi,2026-09-16T22:47:36Z
rv_000749,pixel_8_pro,usr_4039,5.0,Rất hài lòng,"Giao hàng nhanh, đóng gói cẩn thận, dùng 2 tuần chưa thấy lỗi gì.",2026-09-20T15:47:28Z,True,45,web_crawler,vi,2026-09-20T15:47:28Z
rv_000750,thinkpad_x1_carbon,usr_5115,5.0,Rất hài lòng,"Camera chụp đêm rất ấn tượng, độ chi tiết cao.",2026-09-20T00:14:48Z,True,16,web_crawler,vi,2026-09-20T00:14:48Z
rv_000751,sony_wh1000xm5,usr_5580,4.0,Tốt trong tầm giá,"Sản phẩm dùng rất mượt, pin trâu hơn mong đợi.",2026-09-01T18:45:38Z,True,2,mobile_app,vi,2026-09-01T18:45:38Z
rv_000752,iphone_15_pro,usr_5351,3.0,Tạm ổn,"Dùng tạm được, chưa thực sự ấn tượng.",2026-08-24T18:20:52Z,True,13,partner_api,vi,2026-08-24T18:20:52Z
rv_000753,galaxy_tab_s9,usr_1840,5.0,Great purchase,Battery life easily lasts through a full heavy-use day.,2026-09-11T23:39:34Z,True,5,web_crawler,en,2026-09-11T23:39:34Z
rv_000754,iphone_15,usr_2806,5.0,Rất hài lòng,"Camera chụp đêm rất ấn tượng, độ chi tiết cao.",2026-09-03T00:37:07Z,True,33,mobile_app,vi,2026-09-03T00:37:07Z
rv_000755,xiaomi_14_pro,usr_9407,5.0,Great purchase,Cameras are outstanding in low light conditions.,2026-09-10T04:55:15Z,True,13,web_crawler,en,2026-09-10T04:55:15Z
rv_000756,xiaomi_14_pro,usr_9477,5.0,Rất hài lòng,"Sản phẩm dùng rất mượt, pin trâu hơn mong đợi.",2026-09-17T04:13:39Z,True,33,web_crawler,vi,2026-09-17T04:13:39Z
rv_000757,macbook_air_m3,usr_7432,4.0,Tốt trong tầm giá,"Chất lượng hoàn thiện tuyệt vời, màn hình rất đẹp và sáng.",2026-09-07T08:39:22Z,True,30,partner_api,vi,2026-09-07T08:39:22Z
rv_000758,airpods_pro_2,usr_2627,5.0,Rất hài lòng,"Chất lượng hoàn thiện tuyệt vời, màn hình rất đẹp và sáng.",2026-09-06T16:20:22Z,True,2,partner_api,vi,2026-09-06T16:20:22Z
rv_000759,thinkpad_x1_carbon,usr_4674,3.0,Tạm ổn,"Dùng tạm được, chưa thực sự ấn tượng.",2026-08-27T11:50:12Z,True,1,web_crawler,vi,2026-08-27T11:50:12Z
rv_000760,dell_xps_15,usr_4908,4.0,Tốt trong tầm giá,"Camera chụp đêm rất ấn tượng, độ chi tiết cao.",2026-09-02T01:07:46Z,True,4,web_crawler,vi,2026-09-02T01:07:46Z
rv_000761,rog_phone_8,usr_6578,4.0,Tốt trong tầm giá,"Sản phẩm dùng rất mượt, pin trâu hơn mong đợi.",2026-09-05T22:13:59Z,True,38,partner_api,vi,2026-09-05T22:13:59Z
rv_000762,ipad_pro_m4,usr_3947,2.0,Khá thất vọng,Giá hơi đắt so với trải nghiệm thực tế mang lại.,2026-09-06T15:21:15Z,True,34,partner_api,vi,2026-09-06T15:21:15Z
rv_000763,dell_xps_15,usr_9818,5.0,Great purchase,Cameras are outstanding in low light conditions.,2026-09-09T15:15:17Z,True,25,mobile_app,en,2026-09-09T15:15:17Z
rv_000764,thinkpad_x1_carbon,usr_6674,5.0,Great purchase,Cameras are outstanding in low light conditions.,2026-08-31T22:47:41Z,True,27,mobile_app,en,2026-08-31T22:47:41Z
rv_000765,iphone_15_pro,usr_3670,5.0,Rất hài lòng,"Rất hài lòng với quyết định nâng cấp lần này, 10/10.",2026-08-23T20:08:48Z,True,19,partner_api,vi,2026-08-23T20:08:48Z
rv_000766,rog_phone_8,usr_4859,5.0,Great purchase,"Excellent device, blazing fast performance and gorgeous display.",2026-08-22T14:07:00Z,True,14,partner_api,en,2026-08-22T14:07:00Z
rv_000767,ipad_pro_m4,usr_8528,4.0,Tốt trong tầm giá,"Camera chụp đêm rất ấn tượng, độ chi tiết cao.",2026-09-20T16:56:37Z,True,16,mobile_app,vi,2026-09-20T16:56:37Z
rv_000768,galaxy_tab_s9,usr_5311,5.0,Great purchase,Battery life easily lasts through a full heavy-use day.,2026-08-22T03:58:19Z,True,8,mobile_app,en,2026-08-22T03:58:19Z
rv_000769,airpods_pro_2,usr_5368,5.0,Rất hài lòng,"Giao hàng nhanh, đóng gói cẩn thận, dùng 2 tuần chưa thấy lỗi gì.",2026-08-23T02:04:31Z,True,39,web_crawler,vi,2026-08-23T02:04:31Z
rv_000770,ipad_pro_m4,usr_4905,2.0,Khá thất vọng,Máy nhanh nóng khi dùng 4G hoặc quay video 4K.,2026-08-21T09:41:35Z,True,12,web_crawler,vi,2026-08-21T09:41:35Z
rv_000771,pixel_8_pro,usr_2463,5.0,Rất hài lòng,"Chất lượng hoàn thiện tuyệt vời, màn hình rất đẹp và sáng.",2026-08-22T03:37:07Z,False,14,mobile_app,vi,2026-08-22T03:37:07Z
rv_000772,galaxy_s24,usr_9045,5.0,Rất hài lòng,"Camera chụp đêm rất ấn tượng, độ chi tiết cao.",2026-09-22T06:15:42Z,True,11,mobile_app,vi,2026-09-22T06:15:42Z
rv_000773,iphone_15_pro,usr_8553,4.0,Tốt trong tầm giá,"Sản phẩm dùng rất mượt, pin trâu hơn mong đợi.",2026-09-08T02:41:03Z,True,44,web_crawler,vi,2026-09-08T02:41:03Z
rv_000774,macbook_pro_m3,usr_7043,1.0,Không hài lòng,"Pin tụt khá nhanh, chỉ được nửa ngày là phải cắm sạc.",2026-09-18T05:27:45Z,True,7,mobile_app,vi,2026-09-18T05:27:45Z
rv_000775,macbook_pro_m3,usr_2018,5.0,Rất hài lòng,"Sản phẩm dùng rất mượt, pin trâu hơn mong đợi.",2026-09-05T13:49:30Z,True,45,partner_api,vi,2026-09-05T13:49:30Z
rv_000776,macbook_air_m3,usr_3633,5.0,Rất hài lòng,"Camera chụp đêm rất ấn tượng, độ chi tiết cao.",2026-08-21T13:08:23Z,True,23,partner_api,vi,2026-08-21T13:08:23Z
rv_000777,thinkpad_x1_carbon,usr_9230,4.0,Tốt trong tầm giá,"Sản phẩm dùng rất mượt, pin trâu hơn mong đợi.",2026-08-21T11:40:56Z,True,8,partner_api,vi,2026-08-21T11:40:56Z
rv_000778,pixel_8_pro,usr_5396,5.0,Rất hài lòng,"Giao hàng nhanh, đóng gói cẩn thận, dùng 2 tuần chưa thấy lỗi gì.",2026-09-09T10:14:24Z,True,34,mobile_app,vi,2026-09-09T10:14:24Z
rv_000779,galaxy_tab_s9,usr_7337,4.0,Tốt trong tầm giá,"Sản phẩm dùng rất mượt, pin trâu hơn mong đợi.",2026-08-26T13:01:17Z,True,14,web_crawler,vi,2026-08-26T13:01:17Z
rv_000780,thinkpad_x1_carbon,usr_7652,4.0,Good overall,Cameras are outstanding in low light conditions.,2026-09-10T03:56:29Z,True,9,mobile_app,en,2026-09-10T03:56:29Z
rv_000781,sony_wh1000xm5,usr_7034,4.0,Tốt trong tầm giá,"Chất lượng hoàn thiện tuyệt vời, màn hình rất đẹp và sáng.",2026-08-25T10:37:38Z,False,9,partner_api,vi,2026-08-25T10:37:38Z
rv_000782,thinkpad_x1_carbon,usr_4747,5.0,Great purchase,Highly recommended! Worth every single penny.,2026-09-20T09:17:06Z,True,42,mobile_app,en,2026-09-20T09:17:06Z
rv_000783,macbook_air_m3,usr_4945,5.0,Great purchase,"Build quality is superb, feels very premium in hand.",2026-09-04T12:49:53Z,False,17,partner_api,en,2026-09-04T12:49:53Z
rv_000784,dell_xps_15,usr_9823,3.0,Tạm ổn,"Dùng tạm được, chưa thực sự ấn tượng.",2026-09-05T13:48:07Z,True,31,partner_api,vi,2026-09-05T13:48:07Z
rv_000785,galaxy_s24,usr_6544,1.0,Không hài lòng,"Pin tụt khá nhanh, chỉ được nửa ngày là phải cắm sạc.",2026-09-22T05:28:48Z,True,0,web_crawler,vi,2026-09-22T05:28:48Z
rv_000786,iphone_15,usr_7233,1.0,Không hài lòng,"Pin tụt khá nhanh, chỉ được nửa ngày là phải cắm sạc.",2026-08-21T16:15:50Z,True,40,mobile_app,vi,2026-08-21T16:15:50Z
rv_000787,iphone_15,usr_8493,5.0,Great purchase,"Build quality is superb, feels very premium in hand.",2026-08-24T13:56:07Z,True,40,web_crawler,en,2026-08-24T13:56:07Z
rv_000788,airpods_pro_2,usr_3936,5.0,Rất hài lòng,"Rất hài lòng với quyết định nâng cấp lần này, 10/10.",2026-09-09T15:25:53Z,True,4,partner_api,vi,2026-09-09T15:25:53Z
rv_000789,macbook_pro_m3,usr_3464,5.0,Great purchase,"Build quality is superb, feels very premium in hand.",2026-08-20T15:57:23Z,False,36,partner_api,en,2026-08-20T15:57:23Z
rv_000790,xiaomi_14_pro,usr_6662,4.0,Tốt trong tầm giá,"Chất lượng hoàn thiện tuyệt vời, màn hình rất đẹp và sáng.",2026-08-31T15:26:44Z,True,1,partner_api,vi,2026-08-31T15:26:44Z
rv_000791,dell_xps_15,usr_7965,5.0,Rất hài lòng,"Sản phẩm dùng rất mượt, pin trâu hơn mong đợi.",2026-09-11T04:39:24Z,True,34,partner_api,vi,2026-09-11T04:39:24Z
rv_000792,macbook_air_m3,usr_2751,3.0,Average,"Decent, but expected more.",2026-09-07T13:53:48Z,True,18,web_crawler,en,2026-09-07T13:53:48Z
rv_000793,rog_phone_8,usr_1364,5.0,Rất hài lòng,"Sản phẩm dùng rất mượt, pin trâu hơn mong đợi.",2026-09-23T03:48:17Z,True,7,web_crawler,vi,2026-09-23T03:48:17Z
rv_000794,dell_xps_15,usr_4611,5.0,Rất hài lòng,"Sản phẩm dùng rất mượt, pin trâu hơn mong đợi.",2026-09-01T10:35:38Z,True,41,web_crawler,vi,2026-09-01T10:35:38Z
rv_000795,iphone_15_pro,usr_1991,5.0,Rất hài lòng,"Rất hài lòng với quyết định nâng cấp lần này, 10/10.",2026-08-21T04:17:08Z,True,1,partner_api,vi,2026-08-21T04:17:08Z
rv_000796,sony_wh1000xm5,usr_8399,4.0,Good overall,Highly recommended! Worth every single penny.,2026-08-26T14:10:02Z,True,16,partner_api,en,2026-08-26T14:10:02Z
rv_000797,thinkpad_x1_carbon,usr_1865,5.0,Rất hài lòng,"Camera chụp đêm rất ấn tượng, độ chi tiết cao.",2026-08-20T03:10:43Z,True,37,web_crawler,vi,2026-08-20T03:10:43Z
rv_000798,macbook_pro_m3,usr_4757,4.0,Tốt trong tầm giá,"Giao hàng nhanh, đóng gói cẩn thận, dùng 2 tuần chưa thấy lỗi gì.",2026-08-29T17:41:47Z,True,43,mobile_app,vi,2026-08-29T17:41:47Z
rv_000799,galaxy_s24,usr_1465,5.0,Rất hài lòng,"Rất hài lòng với quyết định nâng cấp lần này, 10/10.",2026-09-03T17:15:20Z,True,12,web_crawler,vi,2026-09-03T17:15:20Z
rv_000800,xiaomi_14_pro,usr_7108,5.0,Great purchase,"Excellent device, blazing fast performance and gorgeous display.",2026-09-14T06:54:33Z,True,22,web_crawler,en,2026-09-14T06:54:33Z
rv_000801,pixel_8_pro,usr_1753,5.0,Rất hài lòng,"Giao hàng nhanh, đóng gói cẩn thận, dùng 2 tuần chưa thấy lỗi gì.",2026-08-24T01:53:36Z,True,7,web_crawler,vi,2026-08-24T01:53:36Z
rv_000802,rog_phone_8,usr_5593,4.0,Tốt trong tầm giá,"Giao hàng nhanh, đóng gói cẩn thận, dùng 2 tuần chưa thấy lỗi gì.",2026-09-12T19:38:49Z,True,23,partner_api,vi,2026-09-12T19:38:49Z
rv_000803,rog_phone_8,usr_6854,5.0,Rất hài lòng,"Sản phẩm dùng rất mượt, pin trâu hơn mong đợi.",2026-09-19T16:35:45Z,True,2,partner_api,vi,2026-09-19T16:35:45Z
rv_000804,rog_phone_8,usr_2861,5.0,Great purchase,Highly recommended! Worth every single penny.,2026-09-03T04:05:43Z,True,43,web_crawler,en,2026-09-03T04:05:43Z
rv_000805,airpods_pro_2,usr_8073,4.0,Good overall,Battery life easily lasts through a full heavy-use day.,2026-09-20T15:21:08Z,True,36,partner_api,en,2026-09-20T15:21:08Z
rv_000806,galaxy_s24,usr_2946,5.0,Rất hài lòng,"Sản phẩm dùng rất mượt, pin trâu hơn mong đợi.",2026-09-03T11:44:39Z,True,34,mobile_app,vi,2026-09-03T11:44:39Z
rv_000807,ipad_pro_m4,usr_2111,4.0,Tốt trong tầm giá,"Sản phẩm dùng rất mượt, pin trâu hơn mong đợi.",2026-09-06T11:16:28Z,False,24,partner_api,vi,2026-09-06T11:16:28Z
rv_000808,sony_wh1000xm5,usr_3071,4.0,Good overall,Battery life easily lasts through a full heavy-use day.,2026-09-05T06:59:14Z,True,33,partner_api,en,2026-09-05T06:59:14Z
rv_000809,galaxy_tab_s9,usr_6884,5.0,Rất hài lòng,"Rất hài lòng với quyết định nâng cấp lần này, 10/10.",2026-08-20T18:11:27Z,True,37,mobile_app,vi,2026-08-20T18:11:27Z
rv_000810,rog_phone_8,usr_6560,5.0,Rất hài lòng,"Camera chụp đêm rất ấn tượng, độ chi tiết cao.",2026-09-23T20:46:43Z,True,10,mobile_app,vi,2026-09-23T20:46:43Z
rv_000811,galaxy_tab_s9,usr_1714,4.0,Tốt trong tầm giá,"Rất hài lòng với quyết định nâng cấp lần này, 10/10.",2026-09-19T01:08:51Z,True,16,web_crawler,vi,2026-09-19T01:08:51Z
rv_000812,airpods_pro_2,usr_8511,5.0,Great purchase,"Build quality is superb, feels very premium in hand.",2026-08-29T19:23:12Z,True,24,partner_api,en,2026-08-29T19:23:12Z
rv_000813,macbook_air_m3,usr_9062,5.0,Rất hài lòng,"Camera chụp đêm rất ấn tượng, độ chi tiết cao.",2026-08-27T21:35:06Z,False,42,partner_api,vi,2026-08-27T21:35:06Z
rv_000814,macbook_pro_m3,usr_1059,5.0,Great purchase,Cameras are outstanding in low light conditions.,2026-08-23T02:52:20Z,True,3,mobile_app,en,2026-08-23T02:52:20Z
rv_000815,galaxy_s24_ultra,usr_6883,5.0,Great purchase,"Build quality is superb, feels very premium in hand.",2026-09-18T23:04:24Z,True,1,partner_api,en,2026-09-18T23:04:24Z
rv_000816,galaxy_s24,usr_5973,5.0,Great purchase,"Build quality is superb, feels very premium in hand.",2026-08-27T04:58:40Z,True,45,mobile_app,en,2026-08-27T04:58:40Z
rv_000817,thinkpad_x1_carbon,usr_4769,4.0,Good overall,"Excellent device, blazing fast performance and gorgeous display.",2026-09-20T08:26:40Z,True,24,mobile_app,en,2026-09-20T08:26:40Z
rv_000818,iphone_15,usr_3873,4.0,Tốt trong tầm giá,"Camera chụp đêm rất ấn tượng, độ chi tiết cao.",2026-08-29T18:32:31Z,True,26,web_crawler,vi,2026-08-29T18:32:31Z
rv_000819,iphone_15_pro,usr_6481,4.0,Good overall,Cameras are outstanding in low light conditions.,2026-08-29T09:42:23Z,True,1,web_crawler,en,2026-08-29T09:42:23Z
rv_000820,pixel_8_pro,usr_8790,5.0,Rất hài lòng,"Rất hài lòng với quyết định nâng cấp lần này, 10/10.",2026-08-31T16:47:09Z,True,11,mobile_app,vi,2026-08-31T16:47:09Z
rv_000821,thinkpad_x1_carbon,usr_9969,4.0,Tốt trong tầm giá,"Rất hài lòng với quyết định nâng cấp lần này, 10/10.",2026-08-29T01:48:37Z,True,30,partner_api,vi,2026-08-29T01:48:37Z
rv_000822,macbook_pro_m3,usr_5896,5.0,Rất hài lòng,"Sản phẩm dùng rất mượt, pin trâu hơn mong đợi.",2026-09-03T00:23:16Z,True,31,mobile_app,vi,2026-09-03T00:23:16Z
rv_000823,galaxy_s24,usr_1214,5.0,Rất hài lòng,"Rất hài lòng với quyết định nâng cấp lần này, 10/10.",2026-09-20T04:30:44Z,True,18,mobile_app,vi,2026-09-20T04:30:44Z
rv_000824,iphone_15_pro,usr_3436,5.0,Rất hài lòng,"Sản phẩm dùng rất mượt, pin trâu hơn mong đợi.",2026-09-14T01:16:25Z,True,20,partner_api,vi,2026-09-14T01:16:25Z
rv_000825,rog_phone_8,usr_5509,5.0,Rất hài lòng,"Sản phẩm dùng rất mượt, pin trâu hơn mong đợi.",2026-09-23T12:50:18Z,True,18,mobile_app,vi,2026-09-23T12:50:18Z
rv_000826,macbook_air_m3,usr_2124,1.0,Không hài lòng,Sau cập nhật phần mềm xuất hiện sọc màn hình nhẹ.,2026-09-04T01:14:48Z,True,5,mobile_app,vi,2026-09-04T01:14:48Z
rv_000827,airpods_pro_2,usr_4579,5.0,Great purchase,"Excellent device, blazing fast performance and gorgeous display.",2026-08-23T18:20:41Z,False,1,partner_api,en,2026-08-23T18:20:41Z
rv_000828,macbook_pro_m3,usr_9121,3.0,Tạm ổn,"Dùng tạm được, chưa thực sự ấn tượng.",2026-09-06T07:46:04Z,True,15,partner_api,vi,2026-09-06T07:46:04Z
rv_000829,thinkpad_x1_carbon,usr_9865,5.0,Rất hài lòng,"Sản phẩm dùng rất mượt, pin trâu hơn mong đợi.",2026-08-29T18:16:55Z,False,29,mobile_app,vi,2026-08-29T18:16:55Z
rv_000830,iphone_15_pro,usr_4032,5.0,Rất hài lòng,"Giao hàng nhanh, đóng gói cẩn thận, dùng 2 tuần chưa thấy lỗi gì.",2026-09-07T10:48:49Z,True,10,mobile_app,vi,2026-09-07T10:48:49Z
rv_000831,iphone_15,usr_6896,5.0,Great purchase,Battery life easily lasts through a full heavy-use day.,2026-09-13T19:02:19Z,True,12,mobile_app,en,2026-09-13T19:02:19Z
rv_000832,macbook_pro_m3,usr_9322,2.0,Khá thất vọng,Sau cập nhật phần mềm xuất hiện sọc màn hình nhẹ.,2026-08-22T08:17:39Z,True,3,web_crawler,vi,2026-08-22T08:17:39Z
rv_000833,airpods_pro_2,usr_2412,5.0,Great purchase,Cameras are outstanding in low light conditions.,2026-09-11T07:04:13Z,True,23,mobile_app,en,2026-09-11T07:04:13Z
rv_000834,pixel_8_pro,usr_4817,4.0,Good overall,Cameras are outstanding in low light conditions.,2026-08-28T06:11:00Z,True,4,mobile_app,en,2026-08-28T06:11:00Z
rv_000835,dell_xps_15,usr_7133,5.0,Rất hài lòng,"Chất lượng hoàn thiện tuyệt vời, màn hình rất đẹp và sáng.",2026-09-11T16:42:10Z,True,14,web_crawler,vi,2026-09-11T16:42:10Z
rv_000836,xiaomi_14_pro,usr_8783,5.0,Great purchase,Highly recommended! Worth every single penny.,2026-09-05T02:27:05Z,True,1,partner_api,en,2026-09-05T02:27:05Z
rv_000837,galaxy_s24_ultra,usr_5794,5.0,Great purchase,"Excellent device, blazing fast performance and gorgeous display.",2026-08-30T08:47:22Z,True,21,partner_api,en,2026-08-30T08:47:22Z
rv_000838,iphone_15,usr_7137,5.0,Rất hài lòng,"Chất lượng hoàn thiện tuyệt vời, màn hình rất đẹp và sáng.",2026-09-02T21:05:50Z,True,27,web_crawler,vi,2026-09-02T21:05:50Z
rv_000839,iphone_15_pro,usr_4944,5.0,Rất hài lòng,"Sản phẩm dùng rất mượt, pin trâu hơn mong đợi.",2026-09-03T19:45:46Z,True,14,partner_api,vi,2026-09-03T19:45:46Z
rv_000840,macbook_pro_m3,usr_3833,4.0,Tốt trong tầm giá,"Chất lượng hoàn thiện tuyệt vời, màn hình rất đẹp và sáng.",2026-09-22T11:06:14Z,True,26,mobile_app,vi,2026-09-22T11:06:14Z
rv_000841,galaxy_s24_ultra,usr_9703,4.0,Tốt trong tầm giá,"Rất hài lòng với quyết định nâng cấp lần này, 10/10.",2026-09-22T22:53:45Z,False,17,web_crawler,vi,2026-09-22T22:53:45Z
rv_000842,galaxy_tab_s9,usr_2340,4.0,Good overall,Highly recommended! Worth every single penny.,2026-08-29T17:44:39Z,True,19,mobile_app,en,2026-08-29T17:44:39Z
rv_000843,galaxy_tab_s9,usr_2752,1.0,Không hài lòng,Giá hơi đắt so với trải nghiệm thực tế mang lại.,2026-08-27T11:56:09Z,True,34,web_crawler,vi,2026-08-27T11:56:09Z
rv_000844,ipad_pro_m4,usr_6861,5.0,Great purchase,"Excellent device, blazing fast performance and gorgeous display.",2026-08-22T14:10:18Z,True,12,mobile_app,en,2026-08-22T14:10:18Z
rv_000845,airpods_pro_2,usr_1158,5.0,Rất hài lòng,"Sản phẩm dùng rất mượt, pin trâu hơn mong đợi.",2026-09-14T19:00:18Z,True,23,partner_api,vi,2026-09-14T19:00:18Z
rv_000846,xiaomi_14_pro,usr_1925,2.0,Khá thất vọng,"Thiết kế dễ bám vân tay, loa ngoài hơi rè ở âm lượng lớn.",2026-09-22T15:44:05Z,True,1,web_crawler,vi,2026-09-22T15:44:05Z
rv_000847,rog_phone_8,usr_2503,5.0,Rất hài lòng,"Giao hàng nhanh, đóng gói cẩn thận, dùng 2 tuần chưa thấy lỗi gì.",2026-09-13T14:10:04Z,True,22,mobile_app,vi,2026-09-13T14:10:04Z
rv_000848,rog_phone_8,usr_5301,4.0,Tốt trong tầm giá,"Camera chụp đêm rất ấn tượng, độ chi tiết cao.",2026-09-15T03:00:58Z,True,41,mobile_app,vi,2026-09-15T03:00:58Z
rv_000849,ipad_pro_m4,usr_3778,5.0,Rất hài lòng,"Chất lượng hoàn thiện tuyệt vời, màn hình rất đẹp và sáng.",2026-09-18T21:15:45Z,True,29,web_crawler,vi,2026-09-18T21:15:45Z
rv_000850,galaxy_s24,usr_8162,5.0,Great purchase,Highly recommended! Worth every single penny.,2026-09-18T10:41:20Z,True,39,web_crawler,en,2026-09-18T10:41:20Z
rv_000851,galaxy_s24,usr_1660,4.0,Good overall,"Excellent device, blazing fast performance and gorgeous display.",2026-09-14T01:54:41Z,True,42,partner_api,en,2026-09-14T01:54:41Z
rv_000852,galaxy_tab_s9,usr_2646,5.0,Great purchase,Cameras are outstanding in low light conditions.,2026-08-23T13:31:10Z,True,14,partner_api,en,2026-08-23T13:31:10Z
rv_000853,galaxy_s24,usr_7442,5.0,Rất hài lòng,"Giao hàng nhanh, đóng gói cẩn thận, dùng 2 tuần chưa thấy lỗi gì.",2026-09-02T14:10:03Z,True,28,mobile_app,vi,2026-09-02T14:10:03Z
rv_000854,airpods_pro_2,usr_6999,5.0,Rất hài lòng,"Sản phẩm dùng rất mượt, pin trâu hơn mong đợi.",2026-09-07T17:02:06Z,True,32,partner_api,vi,2026-09-07T17:02:06Z
rv_000855,iphone_15_pro,usr_7295,5.0,Rất hài lòng,"Sản phẩm dùng rất mượt, pin trâu hơn mong đợi.",2026-09-01T02:06:01Z,True,23,mobile_app,vi,2026-09-01T02:06:01Z
rv_000856,macbook_air_m3,usr_7797,5.0,Rất hài lòng,"Chất lượng hoàn thiện tuyệt vời, màn hình rất đẹp và sáng.",2026-09-10T23:56:27Z,True,22,mobile_app,vi,2026-09-10T23:56:27Z
rv_000857,galaxy_s24,usr_3097,4.0,Good overall,"Build quality is superb, feels very premium in hand.",2026-08-20T11:58:29Z,True,42,web_crawler,en,2026-08-20T11:58:29Z
rv_000858,ipad_pro_m4,usr_7777,5.0,Rất hài lòng,"Camera chụp đêm rất ấn tượng, độ chi tiết cao.",2026-08-30T10:05:24Z,False,40,web_crawler,vi,2026-08-30T10:05:24Z
rv_000859,rog_phone_8,usr_6036,4.0,Tốt trong tầm giá,"Rất hài lòng với quyết định nâng cấp lần này, 10/10.",2026-08-26T16:21:01Z,False,0,partner_api,vi,2026-08-26T16:21:01Z
rv_000860,galaxy_s24,usr_8152,5.0,Rất hài lòng,"Sản phẩm dùng rất mượt, pin trâu hơn mong đợi.",2026-09-15T03:14:41Z,True,13,web_crawler,vi,2026-09-15T03:14:41Z
rv_000861,xiaomi_14_pro,usr_7865,4.0,Tốt trong tầm giá,"Rất hài lòng với quyết định nâng cấp lần này, 10/10.",2026-09-05T00:16:51Z,True,41,partner_api,vi,2026-09-05T00:16:51Z
rv_000862,airpods_pro_2,usr_7303,5.0,Rất hài lòng,"Chất lượng hoàn thiện tuyệt vời, màn hình rất đẹp và sáng.",2026-09-04T10:42:20Z,True,14,partner_api,vi,2026-09-04T10:42:20Z
rv_000863,iphone_15,usr_1701,1.0,Không hài lòng,"Thiết kế dễ bám vân tay, loa ngoài hơi rè ở âm lượng lớn.",2026-08-21T10:18:55Z,True,34,mobile_app,vi,2026-08-21T10:18:55Z
rv_000864,rog_phone_8,usr_3587,5.0,Great purchase,Highly recommended! Worth every single penny.,2026-09-23T15:40:41Z,True,15,web_crawler,en,2026-09-23T15:40:41Z
rv_000865,galaxy_s24_ultra,usr_5853,5.0,Rất hài lòng,"Rất hài lòng với quyết định nâng cấp lần này, 10/10.",2026-09-10T22:24:20Z,False,40,web_crawler,vi,2026-09-10T22:24:20Z
rv_000866,sony_wh1000xm5,usr_5231,5.0,Rất hài lòng,"Giao hàng nhanh, đóng gói cẩn thận, dùng 2 tuần chưa thấy lỗi gì.",2026-09-04T22:49:24Z,True,6,mobile_app,vi,2026-09-04T22:49:24Z
rv_000867,iphone_15_pro,usr_7083,5.0,Rất hài lòng,"Rất hài lòng với quyết định nâng cấp lần này, 10/10.",2026-09-13T19:20:52Z,True,31,mobile_app,vi,2026-09-13T19:20:52Z
rv_000868,ipad_pro_m4,usr_1682,5.0,Rất hài lòng,"Chất lượng hoàn thiện tuyệt vời, màn hình rất đẹp và sáng.",2026-08-29T16:08:09Z,True,0,partner_api,vi,2026-08-29T16:08:09Z
rv_000869,macbook_pro_m3,usr_2714,5.0,Rất hài lòng,"Chất lượng hoàn thiện tuyệt vời, màn hình rất đẹp và sáng.",2026-09-04T08:50:16Z,True,24,partner_api,vi,2026-09-04T08:50:16Z
rv_000870,iphone_15,usr_3142,5.0,Rất hài lòng,"Camera chụp đêm rất ấn tượng, độ chi tiết cao.",2026-09-12T12:11:52Z,False,23,mobile_app,vi,2026-09-12T12:11:52Z
rv_000871,rog_phone_8,usr_5706,4.0,Good overall,Highly recommended! Worth every single penny.,2026-09-09T14:38:00Z,False,23,mobile_app,en,2026-09-09T14:38:00Z
rv_000872,ipad_pro_m4,usr_2425,5.0,Rất hài lòng,"Chất lượng hoàn thiện tuyệt vời, màn hình rất đẹp và sáng.",2026-09-16T10:56:05Z,True,38,web_crawler,vi,2026-09-16T10:56:05Z
rv_000873,galaxy_s24,usr_1933,1.0,Không hài lòng,"Pin tụt khá nhanh, chỉ được nửa ngày là phải cắm sạc.",2026-09-13T06:36:05Z,True,28,partner_api,vi,2026-09-13T06:36:05Z
rv_000874,macbook_air_m3,usr_9120,5.0,Great purchase,"Build quality is superb, feels very premium in hand.",2026-08-28T06:06:47Z,True,20,web_crawler,en,2026-08-28T06:06:47Z
rv_000875,iphone_15_pro,usr_3867,5.0,Great purchase,"Build quality is superb, feels very premium in hand.",2026-09-03T02:44:18Z,False,9,web_crawler,en,2026-09-03T02:44:18Z
rv_000876,galaxy_s24_ultra,usr_7945,3.0,Tạm ổn,"Dùng tạm được, chưa thực sự ấn tượng.",2026-09-06T22:22:58Z,False,7,partner_api,vi,2026-09-06T22:22:58Z
rv_000877,sony_wh1000xm5,usr_2741,3.0,Average,"Decent, but expected more.",2026-09-18T22:43:49Z,True,42,mobile_app,en,2026-09-18T22:43:49Z
rv_000878,iphone_15,usr_1803,5.0,Rất hài lòng,"Giao hàng nhanh, đóng gói cẩn thận, dùng 2 tuần chưa thấy lỗi gì.",2026-08-20T16:41:39Z,True,18,mobile_app,vi,2026-08-20T16:41:39Z
rv_000879,airpods_pro_2,usr_2894,4.0,Tốt trong tầm giá,"Giao hàng nhanh, đóng gói cẩn thận, dùng 2 tuần chưa thấy lỗi gì.",2026-09-05T15:51:12Z,True,8,partner_api,vi,2026-09-05T15:51:12Z
rv_000880,galaxy_s24_ultra,usr_4849,5.0,Rất hài lòng,"Sản phẩm dùng rất mượt, pin trâu hơn mong đợi.",2026-09-06T06:39:57Z,True,20,mobile_app,vi,2026-09-06T06:39:57Z
rv_000881,airpods_pro_2,usr_8247,5.0,Great purchase,"Build quality is superb, feels very premium in hand.",2026-09-11T13:51:37Z,True,23,web_crawler,en,2026-09-11T13:51:37Z
rv_000882,ipad_pro_m4,usr_3163,3.0,Tạm ổn,"Dùng tạm được, chưa thực sự ấn tượng.",2026-08-24T03:15:31Z,True,33,partner_api,vi,2026-08-24T03:15:31Z
rv_000883,rog_phone_8,usr_1840,3.0,Tạm ổn,"Dùng tạm được, chưa thực sự ấn tượng.",2026-09-14T22:46:15Z,True,43,mobile_app,vi,2026-09-14T22:46:15Z
rv_000884,ipad_pro_m4,usr_2048,4.0,Tốt trong tầm giá,"Giao hàng nhanh, đóng gói cẩn thận, dùng 2 tuần chưa thấy lỗi gì.",2026-08-20T19:48:12Z,True,44,partner_api,vi,2026-08-20T19:48:12Z
rv_000885,galaxy_s24,usr_5126,5.0,Rất hài lòng,"Camera chụp đêm rất ấn tượng, độ chi tiết cao.",2026-09-03T22:53:17Z,True,21,web_crawler,vi,2026-09-03T22:53:17Z
rv_000886,ipad_pro_m4,usr_8246,5.0,Rất hài lòng,"Giao hàng nhanh, đóng gói cẩn thận, dùng 2 tuần chưa thấy lỗi gì.",2026-08-27T20:23:47Z,True,27,partner_api,vi,2026-08-27T20:23:47Z
rv_000887,galaxy_s24_ultra,usr_2971,5.0,Rất hài lòng,"Sản phẩm dùng rất mượt, pin trâu hơn mong đợi.",2026-09-05T09:54:18Z,True,24,partner_api,vi,2026-09-05T09:54:18Z
rv_000888,pixel_8_pro,usr_6255,5.0,Rất hài lòng,"Camera chụp đêm rất ấn tượng, độ chi tiết cao.",2026-09-10T03:12:01Z,True,0,partner_api,vi,2026-09-10T03:12:01Z
rv_000889,dell_xps_15,usr_6587,5.0,Rất hài lòng,"Chất lượng hoàn thiện tuyệt vời, màn hình rất đẹp và sáng.",2026-09-19T00:20:42Z,True,37,mobile_app,vi,2026-09-19T00:20:42Z
rv_000890,galaxy_s24_ultra,usr_2665,5.0,Great purchase,Highly recommended! Worth every single penny.,2026-08-29T16:01:39Z,False,2,partner_api,en,2026-08-29T16:01:39Z
rv_000891,airpods_pro_2,usr_4850,5.0,Rất hài lòng,"Chất lượng hoàn thiện tuyệt vời, màn hình rất đẹp và sáng.",2026-08-23T14:03:35Z,False,6,web_crawler,vi,2026-08-23T14:03:35Z
rv_000892,pixel_8_pro,usr_6930,1.0,Không hài lòng,"Pin tụt khá nhanh, chỉ được nửa ngày là phải cắm sạc.",2026-09-22T22:27:50Z,True,21,mobile_app,vi,2026-09-22T22:27:50Z
rv_000893,galaxy_s24,usr_9911,1.0,Không hài lòng,Máy nhanh nóng khi dùng 4G hoặc quay video 4K.,2026-09-01T16:01:36Z,True,28,web_crawler,vi,2026-09-01T16:01:36Z
rv_000894,xiaomi_14_pro,usr_5458,3.0,Tạm ổn,"Dùng tạm được, chưa thực sự ấn tượng.",2026-08-26T08:19:13Z,True,40,partner_api,vi,2026-08-26T08:19:13Z
rv_000895,xiaomi_14_pro,usr_2223,5.0,Great purchase,Highly recommended! Worth every single penny.,2026-08-23T22:40:47Z,False,27,mobile_app,en,2026-08-23T22:40:47Z
rv_000896,rog_phone_8,usr_1527,5.0,Rất hài lòng,"Giao hàng nhanh, đóng gói cẩn thận, dùng 2 tuần chưa thấy lỗi gì.",2026-09-15T20:48:53Z,True,44,mobile_app,vi,2026-09-15T20:48:53Z
rv_000897,pixel_8_pro,usr_5033,4.0,Tốt trong tầm giá,"Camera chụp đêm rất ấn tượng, độ chi tiết cao.",2026-08-20T09:19:51Z,True,38,web_crawler,vi,2026-08-20T09:19:51Z
rv_000898,pixel_8_pro,usr_6912,4.0,Tốt trong tầm giá,"Chất lượng hoàn thiện tuyệt vời, màn hình rất đẹp và sáng.",2026-08-28T21:23:21Z,True,13,web_crawler,vi,2026-08-28T21:23:21Z
rv_000899,thinkpad_x1_carbon,usr_8519,4.0,Good overall,"Build quality is superb, feels very premium in hand.",2026-09-19T05:12:18Z,True,35,web_crawler,en,2026-09-19T05:12:18Z
rv_000900,iphone_15_pro,usr_8471,3.0,Tạm ổn,"Dùng tạm được, chưa thực sự ấn tượng.",2026-09-08T05:15:12Z,True,17,web_crawler,vi,2026-09-08T05:15:12Z
rv_000901,iphone_15_pro,usr_2246,3.0,Tạm ổn,"Dùng tạm được, chưa thực sự ấn tượng.",2026-08-31T04:15:46Z,True,16,web_crawler,vi,2026-08-31T04:15:46Z
rv_000902,macbook_air_m3,usr_3093,5.0,Rất hài lòng,"Giao hàng nhanh, đóng gói cẩn thận, dùng 2 tuần chưa thấy lỗi gì.",2026-09-17T11:04:25Z,True,35,partner_api,vi,2026-09-17T11:04:25Z
rv_000903,airpods_pro_2,usr_8311,5.0,Great purchase,"Build quality is superb, feels very premium in hand.",2026-09-01T09:17:27Z,True,41,partner_api,en,2026-09-01T09:17:27Z
rv_000904,sony_wh1000xm5,usr_9045,5.0,Great purchase,Highly recommended! Worth every single penny.,2026-09-07T17:15:26Z,True,3,partner_api,en,2026-09-07T17:15:26Z
rv_000905,galaxy_s24,usr_6079,3.0,Tạm ổn,"Dùng tạm được, chưa thực sự ấn tượng.",2026-08-25T04:46:59Z,False,41,mobile_app,vi,2026-08-25T04:46:59Z
rv_000906,macbook_air_m3,usr_2308,3.0,Tạm ổn,"Dùng tạm được, chưa thực sự ấn tượng.",2026-09-11T07:10:17Z,True,4,partner_api,vi,2026-09-11T07:10:17Z
rv_000907,thinkpad_x1_carbon,usr_4703,4.0,Tốt trong tầm giá,"Camera chụp đêm rất ấn tượng, độ chi tiết cao.",2026-08-28T16:21:21Z,True,24,mobile_app,vi,2026-08-28T16:21:21Z
rv_000908,airpods_pro_2,usr_8736,5.0,Rất hài lòng,"Sản phẩm dùng rất mượt, pin trâu hơn mong đợi.",2026-09-01T12:23:22Z,True,22,mobile_app,vi,2026-09-01T12:23:22Z
rv_000909,galaxy_tab_s9,usr_8296,5.0,Great purchase,Cameras are outstanding in low light conditions.,2026-08-21T04:06:12Z,False,7,mobile_app,en,2026-08-21T04:06:12Z
rv_000910,galaxy_tab_s9,usr_3692,4.0,Good overall,"Build quality is superb, feels very premium in hand.",2026-09-21T11:17:27Z,True,45,partner_api,en,2026-09-21T11:17:27Z
rv_000911,xiaomi_14_pro,usr_3448,5.0,Rất hài lòng,"Giao hàng nhanh, đóng gói cẩn thận, dùng 2 tuần chưa thấy lỗi gì.",2026-09-19T12:08:11Z,True,26,web_crawler,vi,2026-09-19T12:08:11Z
rv_000912,xiaomi_14_pro,usr_6594,5.0,Great purchase,Cameras are outstanding in low light conditions.,2026-09-04T02:15:37Z,True,2,mobile_app,en,2026-09-04T02:15:37Z
rv_000913,ipad_pro_m4,usr_1580,4.0,Tốt trong tầm giá,"Camera chụp đêm rất ấn tượng, độ chi tiết cao.",2026-08-23T02:08:16Z,False,33,web_crawler,vi,2026-08-23T02:08:16Z
rv_000914,pixel_8_pro,usr_6613,5.0,Rất hài lòng,"Rất hài lòng với quyết định nâng cấp lần này, 10/10.",2026-09-06T18:15:21Z,False,31,mobile_app,vi,2026-09-06T18:15:21Z
rv_000915,iphone_15,usr_3875,4.0,Tốt trong tầm giá,"Camera chụp đêm rất ấn tượng, độ chi tiết cao.",2026-09-16T09:51:43Z,True,10,partner_api,vi,2026-09-16T09:51:43Z
rv_000916,dell_xps_15,usr_4028,3.0,Tạm ổn,"Dùng tạm được, chưa thực sự ấn tượng.",2026-08-24T00:51:31Z,True,8,partner_api,vi,2026-08-24T00:51:31Z
rv_000917,macbook_pro_m3,usr_4691,4.0,Good overall,"Excellent device, blazing fast performance and gorgeous display.",2026-08-22T23:43:36Z,True,2,partner_api,en,2026-08-22T23:43:36Z
rv_000918,galaxy_s24_ultra,usr_1238,5.0,Great purchase,"Build quality is superb, feels very premium in hand.",2026-08-30T05:06:59Z,True,9,partner_api,en,2026-08-30T05:06:59Z
rv_000919,dell_xps_15,usr_5100,5.0,Rất hài lòng,"Giao hàng nhanh, đóng gói cẩn thận, dùng 2 tuần chưa thấy lỗi gì.",2026-09-20T00:17:45Z,True,19,mobile_app,vi,2026-09-20T00:17:45Z
rv_000920,galaxy_s24_ultra,usr_1899,5.0,Great purchase,"Excellent device, blazing fast performance and gorgeous display.",2026-08-27T16:03:22Z,False,45,partner_api,en,2026-08-27T16:03:22Z
rv_000921,thinkpad_x1_carbon,usr_9077,5.0,Great purchase,Cameras are outstanding in low light conditions.,2026-09-03T02:19:19Z,True,4,mobile_app,en,2026-09-03T02:19:19Z
rv_000922,galaxy_s24_ultra,usr_9505,3.0,Average,"Decent, but expected more.",2026-09-19T17:45:35Z,False,22,web_crawler,en,2026-09-19T17:45:35Z
rv_000923,dell_xps_15,usr_9821,4.0,Good overall,Cameras are outstanding in low light conditions.,2026-09-05T14:07:36Z,False,13,partner_api,en,2026-09-05T14:07:36Z
rv_000924,sony_wh1000xm5,usr_3946,5.0,Great purchase,"Build quality is superb, feels very premium in hand.",2026-08-22T17:03:45Z,True,36,partner_api,en,2026-08-22T17:03:45Z
rv_000925,iphone_15,usr_2128,5.0,Rất hài lòng,"Giao hàng nhanh, đóng gói cẩn thận, dùng 2 tuần chưa thấy lỗi gì.",2026-09-20T22:43:12Z,True,3,mobile_app,vi,2026-09-20T22:43:12Z
rv_000926,galaxy_tab_s9,usr_1383,4.0,Good overall,"Excellent device, blazing fast performance and gorgeous display.",2026-09-12T22:37:14Z,True,20,web_crawler,en,2026-09-12T22:37:14Z
rv_000927,xiaomi_14_pro,usr_2951,2.0,Disappointed,Battery drainage issue observed after recent firmware update.,2026-08-26T18:45:01Z,True,5,mobile_app,en,2026-08-26T18:45:01Z
rv_000928,iphone_15_pro,usr_2986,1.0,Poor quality,Customer service was unresponsive when reporting cosmetic defect.,2026-08-31T09:41:03Z,True,5,partner_api,en,2026-08-31T09:41:03Z
rv_000929,pixel_8_pro,usr_4054,3.0,Tạm ổn,"Dùng tạm được, chưa thực sự ấn tượng.",2026-08-26T11:32:28Z,True,43,partner_api,vi,2026-08-26T11:32:28Z
rv_000930,iphone_15_pro,usr_8791,2.0,Khá thất vọng,Máy nhanh nóng khi dùng 4G hoặc quay video 4K.,2026-09-13T13:02:44Z,True,14,partner_api,vi,2026-09-13T13:02:44Z
rv_000931,iphone_15,usr_5625,2.0,Khá thất vọng,Giá hơi đắt so với trải nghiệm thực tế mang lại.,2026-09-17T08:28:39Z,True,43,web_crawler,vi,2026-09-17T08:28:39Z
rv_000932,iphone_15,usr_4176,5.0,Rất hài lòng,"Sản phẩm dùng rất mượt, pin trâu hơn mong đợi.",2026-08-20T05:58:09Z,True,13,partner_api,vi,2026-08-20T05:58:09Z
rv_000933,thinkpad_x1_carbon,usr_3917,2.0,Disappointed,Battery drainage issue observed after recent firmware update.,2026-08-21T18:50:18Z,True,30,partner_api,en,2026-08-21T18:50:18Z
rv_000934,airpods_pro_2,usr_8709,5.0,Rất hài lòng,"Rất hài lòng với quyết định nâng cấp lần này, 10/10.",2026-08-25T11:03:27Z,False,2,partner_api,vi,2026-08-25T11:03:27Z
rv_000935,galaxy_s24_ultra,usr_2169,5.0,Great purchase,Battery life easily lasts through a full heavy-use day.,2026-09-20T07:38:27Z,True,34,web_crawler,en,2026-09-20T07:38:27Z
rv_000936,xiaomi_14_pro,usr_9299,5.0,Great purchase,Battery life easily lasts through a full heavy-use day.,2026-09-17T18:00:42Z,True,3,partner_api,en,2026-09-17T18:00:42Z
rv_000937,iphone_15,usr_7087,3.0,Average,"Decent, but expected more.",2026-09-09T08:50:14Z,True,4,web_crawler,en,2026-09-09T08:50:14Z
rv_000938,airpods_pro_2,usr_4178,5.0,Great purchase,Highly recommended! Worth every single penny.,2026-09-23T01:58:15Z,True,31,mobile_app,en,2026-09-23T01:58:15Z
rv_000939,airpods_pro_2,usr_2637,5.0,Rất hài lòng,"Rất hài lòng với quyết định nâng cấp lần này, 10/10.",2026-09-12T00:15:33Z,True,0,web_crawler,vi,2026-09-12T00:15:33Z
rv_000940,xiaomi_14_pro,usr_6376,5.0,Rất hài lòng,"Sản phẩm dùng rất mượt, pin trâu hơn mong đợi.",2026-09-14T00:55:24Z,False,6,web_crawler,vi,2026-09-14T00:55:24Z
rv_000941,airpods_pro_2,usr_6230,3.0,Tạm ổn,"Dùng tạm được, chưa thực sự ấn tượng.",2026-09-15T10:16:46Z,True,18,partner_api,vi,2026-09-15T10:16:46Z
rv_000942,thinkpad_x1_carbon,usr_1240,5.0,Rất hài lòng,"Sản phẩm dùng rất mượt, pin trâu hơn mong đợi.",2026-08-20T06:10:29Z,False,40,mobile_app,vi,2026-08-20T06:10:29Z
rv_000943,pixel_8_pro,usr_4295,4.0,Tốt trong tầm giá,"Camera chụp đêm rất ấn tượng, độ chi tiết cao.",2026-09-12T08:24:10Z,True,36,mobile_app,vi,2026-09-12T08:24:10Z
rv_000944,sony_wh1000xm5,usr_9799,4.0,Tốt trong tầm giá,"Camera chụp đêm rất ấn tượng, độ chi tiết cao.",2026-08-24T08:35:59Z,True,20,mobile_app,vi,2026-08-24T08:35:59Z
rv_000945,pixel_8_pro,usr_5858,5.0,Great purchase,"Build quality is superb, feels very premium in hand.",2026-09-22T09:05:59Z,True,24,mobile_app,en,2026-09-22T09:05:59Z
rv_000946,ipad_pro_m4,usr_8246,5.0,Rất hài lòng,"Giao hàng nhanh, đóng gói cẩn thận, dùng 2 tuần chưa thấy lỗi gì.",2026-08-22T16:59:18Z,True,9,partner_api,vi,2026-08-22T16:59:18Z
rv_000947,ipad_pro_m4,usr_3360,5.0,Rất hài lòng,"Camera chụp đêm rất ấn tượng, độ chi tiết cao.",2026-09-15T00:32:07Z,True,13,partner_api,vi,2026-09-15T00:32:07Z
rv_000948,rog_phone_8,usr_2058,5.0,Rất hài lòng,"Rất hài lòng với quyết định nâng cấp lần này, 10/10.",2026-08-28T01:06:33Z,True,23,partner_api,vi,2026-08-28T01:06:33Z
rv_000949,galaxy_tab_s9,usr_6987,4.0,Good overall,Battery life easily lasts through a full heavy-use day.,2026-08-24T21:32:50Z,True,36,partner_api,en,2026-08-24T21:32:50Z
rv_000950,galaxy_tab_s9,usr_5752,5.0,Great purchase,Cameras are outstanding in low light conditions.,2026-08-23T13:04:16Z,True,35,mobile_app,en,2026-08-23T13:04:16Z
rv_000951,thinkpad_x1_carbon,usr_9500,5.0,Rất hài lòng,"Camera chụp đêm rất ấn tượng, độ chi tiết cao.",2026-09-12T13:03:29Z,False,23,mobile_app,vi,2026-09-12T13:03:29Z
rv_000952,xiaomi_14_pro,usr_2339,4.0,Good overall,"Excellent device, blazing fast performance and gorgeous display.",2026-08-23T15:35:16Z,True,34,web_crawler,en,2026-08-23T15:35:16Z
rv_000953,macbook_pro_m3,usr_5269,4.0,Good overall,"Build quality is superb, feels very premium in hand.",2026-08-28T17:32:36Z,True,38,mobile_app,en,2026-08-28T17:32:36Z
rv_000954,pixel_8_pro,usr_1636,4.0,Good overall,"Excellent device, blazing fast performance and gorgeous display.",2026-09-07T06:37:37Z,True,18,partner_api,en,2026-09-07T06:37:37Z
rv_000955,pixel_8_pro,usr_9280,3.0,Average,"Decent, but expected more.",2026-09-15T00:22:08Z,True,18,mobile_app,en,2026-09-15T00:22:08Z
rv_000956,ipad_pro_m4,usr_1855,5.0,Great purchase,"Build quality is superb, feels very premium in hand.",2026-09-08T22:45:15Z,True,17,partner_api,en,2026-09-08T22:45:15Z
rv_000957,pixel_8_pro,usr_6176,4.0,Good overall,"Excellent device, blazing fast performance and gorgeous display.",2026-09-13T18:22:01Z,False,43,web_crawler,en,2026-09-13T18:22:01Z
rv_000958,macbook_air_m3,usr_2811,2.0,Khá thất vọng,"Pin tụt khá nhanh, chỉ được nửa ngày là phải cắm sạc.",2026-09-01T20:51:32Z,True,17,web_crawler,vi,2026-09-01T20:51:32Z
rv_000959,airpods_pro_2,usr_2199,5.0,Great purchase,Battery life easily lasts through a full heavy-use day.,2026-09-09T16:47:46Z,True,21,mobile_app,en,2026-09-09T16:47:46Z
rv_000960,pixel_8_pro,usr_8634,5.0,Rất hài lòng,"Rất hài lòng với quyết định nâng cấp lần này, 10/10.",2026-08-28T14:41:29Z,True,15,mobile_app,vi,2026-08-28T14:41:29Z
rv_000961,pixel_8_pro,usr_2376,5.0,Great purchase,"Build quality is superb, feels very premium in hand.",2026-09-06T13:55:44Z,True,4,web_crawler,en,2026-09-06T13:55:44Z
rv_000962,macbook_pro_m3,usr_2693,5.0,Rất hài lòng,"Chất lượng hoàn thiện tuyệt vời, màn hình rất đẹp và sáng.",2026-08-20T03:38:55Z,True,18,mobile_app,vi,2026-08-20T03:38:55Z
rv_000963,pixel_8_pro,usr_2234,4.0,Tốt trong tầm giá,"Rất hài lòng với quyết định nâng cấp lần này, 10/10.",2026-08-26T20:31:57Z,True,26,web_crawler,vi,2026-08-26T20:31:57Z
rv_000964,sony_wh1000xm5,usr_1704,5.0,Great purchase,Cameras are outstanding in low light conditions.,2026-08-30T21:32:54Z,True,36,partner_api,en,2026-08-30T21:32:54Z
rv_000965,rog_phone_8,usr_5349,4.0,Tốt trong tầm giá,"Giao hàng nhanh, đóng gói cẩn thận, dùng 2 tuần chưa thấy lỗi gì.",2026-09-11T01:12:56Z,True,0,mobile_app,vi,2026-09-11T01:12:56Z
rv_000966,airpods_pro_2,usr_4422,5.0,Great purchase,"Excellent device, blazing fast performance and gorgeous display.",2026-08-23T11:45:56Z,True,21,mobile_app,en,2026-08-23T11:45:56Z
rv_000967,xiaomi_14_pro,usr_3127,5.0,Great purchase,Battery life easily lasts through a full heavy-use day.,2026-09-02T17:03:24Z,True,33,mobile_app,en,2026-09-02T17:03:24Z
rv_000968,ipad_pro_m4,usr_6234,1.0,Không hài lòng,"Thiết kế dễ bám vân tay, loa ngoài hơi rè ở âm lượng lớn.",2026-08-24T21:07:56Z,True,5,mobile_app,vi,2026-08-24T21:07:56Z
rv_000969,dell_xps_15,usr_8649,5.0,Rất hài lòng,"Chất lượng hoàn thiện tuyệt vời, màn hình rất đẹp và sáng.",2026-08-24T08:53:50Z,True,44,web_crawler,vi,2026-08-24T08:53:50Z
rv_000970,rog_phone_8,usr_4819,5.0,Rất hài lòng,"Giao hàng nhanh, đóng gói cẩn thận, dùng 2 tuần chưa thấy lỗi gì.",2026-08-22T09:06:56Z,True,19,mobile_app,vi,2026-08-22T09:06:56Z
rv_000971,iphone_15_pro,usr_8268,4.0,Good overall,Battery life easily lasts through a full heavy-use day.,2026-09-11T08:50:47Z,True,11,partner_api,en,2026-09-11T08:50:47Z
rv_000972,rog_phone_8,usr_7441,5.0,Rất hài lòng,"Giao hàng nhanh, đóng gói cẩn thận, dùng 2 tuần chưa thấy lỗi gì.",2026-09-01T06:43:35Z,True,14,mobile_app,vi,2026-09-01T06:43:35Z
rv_000973,iphone_15,usr_1694,3.0,Tạm ổn,"Dùng tạm được, chưa thực sự ấn tượng.",2026-09-09T01:56:34Z,True,38,web_crawler,vi,2026-09-09T01:56:34Z
rv_000974,iphone_15,usr_9857,5.0,Great purchase,Battery life easily lasts through a full heavy-use day.,2026-09-12T15:26:38Z,True,39,mobile_app,en,2026-09-12T15:26:38Z
rv_000975,thinkpad_x1_carbon,usr_2329,5.0,Rất hài lòng,"Chất lượng hoàn thiện tuyệt vời, màn hình rất đẹp và sáng.",2026-08-22T16:23:25Z,True,15,web_crawler,vi,2026-08-22T16:23:25Z
rv_000976,sony_wh1000xm5,usr_8604,5.0,Rất hài lòng,"Sản phẩm dùng rất mượt, pin trâu hơn mong đợi.",2026-09-01T11:42:37Z,True,10,web_crawler,vi,2026-09-01T11:42:37Z
rv_000977,airpods_pro_2,usr_6725,4.0,Tốt trong tầm giá,"Rất hài lòng với quyết định nâng cấp lần này, 10/10.",2026-08-27T05:38:12Z,True,9,partner_api,vi,2026-08-27T05:38:12Z
rv_000978,galaxy_s24,usr_9227,5.0,Rất hài lòng,"Sản phẩm dùng rất mượt, pin trâu hơn mong đợi.",2026-09-07T16:31:54Z,False,25,mobile_app,vi,2026-09-07T16:31:54Z
rv_000979,dell_xps_15,usr_2309,3.0,Tạm ổn,"Dùng tạm được, chưa thực sự ấn tượng.",2026-09-02T13:56:15Z,True,20,mobile_app,vi,2026-09-02T13:56:15Z
rv_000980,airpods_pro_2,usr_9235,5.0,Rất hài lòng,"Giao hàng nhanh, đóng gói cẩn thận, dùng 2 tuần chưa thấy lỗi gì.",2026-09-07T18:07:14Z,False,3,partner_api,vi,2026-09-07T18:07:14Z
rv_000981,xiaomi_14_pro,usr_7634,4.0,Tốt trong tầm giá,"Giao hàng nhanh, đóng gói cẩn thận, dùng 2 tuần chưa thấy lỗi gì.",2026-09-11T02:17:15Z,True,4,mobile_app,vi,2026-09-11T02:17:15Z
rv_000982,macbook_air_m3,usr_8035,3.0,Tạm ổn,"Dùng tạm được, chưa thực sự ấn tượng.",2026-09-12T14:58:35Z,True,28,mobile_app,vi,2026-09-12T14:58:35Z
rv_000983,macbook_pro_m3,usr_8145,4.0,Tốt trong tầm giá,"Chất lượng hoàn thiện tuyệt vời, màn hình rất đẹp và sáng.",2026-09-10T15:51:41Z,True,5,mobile_app,vi,2026-09-10T15:51:41Z
rv_000984,galaxy_s24_ultra,usr_6620,5.0,Rất hài lòng,"Sản phẩm dùng rất mượt, pin trâu hơn mong đợi.",2026-09-11T11:14:33Z,True,9,web_crawler,vi,2026-09-11T11:14:33Z
rv_000985,rog_phone_8,usr_3481,5.0,Rất hài lòng,"Sản phẩm dùng rất mượt, pin trâu hơn mong đợi.",2026-08-29T15:38:10Z,True,35,mobile_app,vi,2026-08-29T15:38:10Z
rv_000986,xiaomi_14_pro,usr_2048,5.0,Rất hài lòng,"Giao hàng nhanh, đóng gói cẩn thận, dùng 2 tuần chưa thấy lỗi gì.",2026-09-06T13:02:46Z,False,20,web_crawler,vi,2026-09-06T13:02:46Z
rv_000987,iphone_15,usr_7428,5.0,Rất hài lòng,"Camera chụp đêm rất ấn tượng, độ chi tiết cao.",2026-08-25T01:23:00Z,True,15,mobile_app,vi,2026-08-25T01:23:00Z
rv_000988,pixel_8_pro,usr_6363,4.0,Good overall,"Build quality is superb, feels very premium in hand.",2026-09-07T03:25:02Z,True,1,web_crawler,en,2026-09-07T03:25:02Z
rv_000989,xiaomi_14_pro,usr_9004,4.0,Good overall,"Build quality is superb, feels very premium in hand.",2026-09-01T17:17:58Z,True,0,mobile_app,en,2026-09-01T17:17:58Z
rv_000990,macbook_pro_m3,usr_6576,5.0,Rất hài lòng,"Camera chụp đêm rất ấn tượng, độ chi tiết cao.",2026-08-29T17:19:51Z,True,14,web_crawler,vi,2026-08-29T17:19:51Z
rv_000991,macbook_air_m3,usr_3875,3.0,Tạm ổn,"Dùng tạm được, chưa thực sự ấn tượng.",2026-08-20T17:20:49Z,True,40,mobile_app,vi,2026-08-20T17:20:49Z
rv_000992,iphone_15_pro,usr_7085,2.0,Disappointed,Occasional software glitch causing random restarts.,2026-09-09T13:16:20Z,True,17,partner_api,en,2026-09-09T13:16:20Z
rv_000993,galaxy_s24_ultra,usr_2005,5.0,Rất hài lòng,"Camera chụp đêm rất ấn tượng, độ chi tiết cao.",2026-08-26T12:19:49Z,False,26,web_crawler,vi,2026-08-26T12:19:49Z
rv_000994,galaxy_s24_ultra,usr_1918,5.0,Great purchase,"Excellent device, blazing fast performance and gorgeous display.",2026-09-05T17:14:06Z,True,2,mobile_app,en,2026-09-05T17:14:06Z
rv_000995,thinkpad_x1_carbon,usr_6217,4.0,Good overall,"Excellent device, blazing fast performance and gorgeous display.",2026-09-03T05:34:44Z,True,32,mobile_app,en,2026-09-03T05:34:44Z
rv_000996,macbook_air_m3,usr_4340,4.0,Tốt trong tầm giá,"Camera chụp đêm rất ấn tượng, độ chi tiết cao.",2026-09-20T08:31:37Z,True,23,partner_api,vi,2026-09-20T08:31:37Z
rv_000997,rog_phone_8,usr_9208,5.0,Rất hài lòng,"Chất lượng hoàn thiện tuyệt vời, màn hình rất đẹp và sáng.",2026-09-03T13:59:02Z,True,5,web_crawler,vi,2026-09-03T13:59:02Z
rv_000998,rog_phone_8,usr_2754,3.0,Tạm ổn,"Dùng tạm được, chưa thực sự ấn tượng.",2026-09-15T00:19:53Z,True,23,mobile_app,vi,2026-09-15T00:19:53Z
rv_000999,galaxy_s24_ultra,usr_6132,3.0,Average,"Decent, but expected more.",2026-08-30T13:08:34Z,True,33,web_crawler,en,2026-08-30T13:08:34Z
rv_001000,galaxy_tab_s9,usr_3523,3.0,Tạm ổn,"Dùng tạm được, chưa thực sự ấn tượng.",2026-08-29T13:48:23Z,True,18,mobile_app,vi,2026-08-29T13:48:23Z
rv_001001,xiaomi_14_pro,usr_1274,5.0,Great purchase,"Excellent device, blazing fast performance and gorgeous display.",2026-09-16T01:59:58Z,False,2,partner_api,en,2026-09-16T01:59:58Z
rv_001002,iphone_15_pro,usr_8953,3.0,Tạm ổn,"Dùng tạm được, chưa thực sự ấn tượng.",2026-09-17T03:53:27Z,False,15,web_crawler,vi,2026-09-17T03:53:27Z
rv_001003,dell_xps_15,usr_1235,5.0,Great purchase,Highly recommended! Worth every single penny.,2026-09-23T19:04:03Z,True,24,mobile_app,en,2026-09-23T19:04:03Z
rv_001004,macbook_pro_m3,usr_7751,5.0,Great purchase,Cameras are outstanding in low light conditions.,2026-09-17T11:48:15Z,True,44,partner_api,en,2026-09-17T11:48:15Z
rv_001005,iphone_15,usr_5111,5.0,Rất hài lòng,"Giao hàng nhanh, đóng gói cẩn thận, dùng 2 tuần chưa thấy lỗi gì.",2026-09-04T08:36:48Z,True,34,partner_api,vi,2026-09-04T08:36:48Z
rv_001006,ipad_pro_m4,usr_1443,5.0,Rất hài lòng,"Sản phẩm dùng rất mượt, pin trâu hơn mong đợi.",2026-08-27T04:35:57Z,True,39,mobile_app,vi,2026-08-27T04:35:57Z
rv_001007,galaxy_s24_ultra,usr_8234,3.0,Average,"Decent, but expected more.",2026-09-10T07:53:37Z,True,22,mobile_app,en,2026-09-10T07:53:37Z
rv_001008,pixel_8_pro,usr_4542,4.0,Tốt trong tầm giá,"Giao hàng nhanh, đóng gói cẩn thận, dùng 2 tuần chưa thấy lỗi gì.",2026-08-20T07:59:40Z,True,22,mobile_app,vi,2026-08-20T07:59:40Z
rv_001009,thinkpad_x1_carbon,usr_6335,4.0,Tốt trong tầm giá,"Rất hài lòng với quyết định nâng cấp lần này, 10/10.",2026-08-27T20:01:51Z,True,24,web_crawler,vi,2026-08-27T20:01:51Z
rv_001010,airpods_pro_2,usr_5031,4.0,Tốt trong tầm giá,"Giao hàng nhanh, đóng gói cẩn thận, dùng 2 tuần chưa thấy lỗi gì.",2026-09-01T16:02:16Z,True,16,mobile_app,vi,2026-09-01T16:02:16Z
rv_001011,galaxy_tab_s9,usr_7722,3.0,Tạm ổn,"Dùng tạm được, chưa thực sự ấn tượng.",2026-09-14T23:09:00Z,True,11,mobile_app,vi,2026-09-14T23:09:00Z
rv_001012,iphone_15,usr_7425,5.0,Great purchase,Battery life easily lasts through a full heavy-use day.,2026-09-04T03:44:28Z,True,15,mobile_app,en,2026-09-04T03:44:28Z
rv_001013,macbook_air_m3,usr_6730,5.0,Rất hài lòng,"Camera chụp đêm rất ấn tượng, độ chi tiết cao.",2026-09-02T06:03:23Z,True,37,mobile_app,vi,2026-09-02T06:03:23Z
rv_001014,macbook_pro_m3,usr_6993,5.0,Rất hài lòng,"Chất lượng hoàn thiện tuyệt vời, màn hình rất đẹp và sáng.",2026-09-04T03:30:00Z,True,3,web_crawler,vi,2026-09-04T03:30:00Z
rv_001015,xiaomi_14_pro,usr_6560,5.0,Great purchase,Highly recommended! Worth every single penny.,2026-08-22T13:23:48Z,True,16,mobile_app,en,2026-08-22T13:23:48Z
rv_001016,iphone_15_pro,usr_8563,5.0,Great purchase,"Build quality is superb, feels very premium in hand.",2026-09-09T04:11:16Z,True,21,mobile_app,en,2026-09-09T04:11:16Z
rv_001017,galaxy_tab_s9,usr_5630,4.0,Good overall,Battery life easily lasts through a full heavy-use day.,2026-09-08T05:18:21Z,True,20,partner_api,en,2026-09-08T05:18:21Z
rv_001018,thinkpad_x1_carbon,usr_7190,4.0,Good overall,"Excellent device, blazing fast performance and gorgeous display.",2026-09-18T10:07:21Z,True,15,mobile_app,en,2026-09-18T10:07:21Z
rv_001019,galaxy_s24,usr_6407,5.0,Rất hài lòng,"Chất lượng hoàn thiện tuyệt vời, màn hình rất đẹp và sáng.",2026-09-02T01:42:45Z,True,39,mobile_app,vi,2026-09-02T01:42:45Z
rv_001020,ipad_pro_m4,usr_6620,3.0,Tạm ổn,"Dùng tạm được, chưa thực sự ấn tượng.",2026-09-07T15:11:51Z,True,4,web_crawler,vi,2026-09-07T15:11:51Z
rv_001021,iphone_15_pro,usr_5574,2.0,Khá thất vọng,Giá hơi đắt so với trải nghiệm thực tế mang lại.,2026-09-13T16:46:38Z,True,30,web_crawler,vi,2026-09-13T16:46:38Z
rv_001022,galaxy_tab_s9,usr_2430,5.0,Rất hài lòng,"Camera chụp đêm rất ấn tượng, độ chi tiết cao.",2026-08-26T08:13:09Z,True,12,partner_api,vi,2026-08-26T08:13:09Z
rv_001023,xiaomi_14_pro,usr_4114,4.0,Tốt trong tầm giá,"Camera chụp đêm rất ấn tượng, độ chi tiết cao.",2026-09-20T04:59:18Z,True,24,web_crawler,vi,2026-09-20T04:59:18Z
rv_001024,galaxy_s24_ultra,usr_9956,5.0,Rất hài lòng,"Rất hài lòng với quyết định nâng cấp lần này, 10/10.",2026-08-24T17:26:13Z,True,19,partner_api,vi,2026-08-24T17:26:13Z
rv_001025,ipad_pro_m4,usr_6985,5.0,Rất hài lòng,"Camera chụp đêm rất ấn tượng, độ chi tiết cao.",2026-09-06T07:12:59Z,True,1,partner_api,vi,2026-09-06T07:12:59Z
rv_001026,dell_xps_15,usr_3802,5.0,Rất hài lòng,"Chất lượng hoàn thiện tuyệt vời, màn hình rất đẹp và sáng.",2026-09-12T13:13:46Z,True,19,mobile_app,vi,2026-09-12T13:13:46Z
rv_001027,rog_phone_8,usr_7762,5.0,Great purchase,"Excellent device, blazing fast performance and gorgeous display.",2026-09-02T01:59:50Z,True,33,mobile_app,en,2026-09-02T01:59:50Z
rv_001028,sony_wh1000xm5,usr_8956,4.0,Tốt trong tầm giá,"Camera chụp đêm rất ấn tượng, độ chi tiết cao.",2026-09-08T11:31:04Z,True,32,web_crawler,vi,2026-09-08T11:31:04Z
rv_001029,galaxy_tab_s9,usr_3252,4.0,Good overall,Highly recommended! Worth every single penny.,2026-09-19T11:07:59Z,False,38,mobile_app,en,2026-09-19T11:07:59Z
rv_001030,airpods_pro_2,usr_6026,4.0,Tốt trong tầm giá,"Giao hàng nhanh, đóng gói cẩn thận, dùng 2 tuần chưa thấy lỗi gì.",2026-09-13T16:10:51Z,True,21,web_crawler,vi,2026-09-13T16:10:51Z
rv_001031,iphone_15,usr_3633,5.0,Rất hài lòng,"Sản phẩm dùng rất mượt, pin trâu hơn mong đợi.",2026-08-22T14:57:58Z,True,7,mobile_app,vi,2026-08-22T14:57:58Z
rv_001032,dell_xps_15,usr_5149,4.0,Tốt trong tầm giá,"Chất lượng hoàn thiện tuyệt vời, màn hình rất đẹp và sáng.",2026-09-21T13:54:24Z,True,13,partner_api,vi,2026-09-21T13:54:24Z
rv_001033,galaxy_s24_ultra,usr_9630,5.0,Rất hài lòng,"Rất hài lòng với quyết định nâng cấp lần này, 10/10.",2026-08-20T01:51:22Z,True,32,partner_api,vi,2026-08-20T01:51:22Z
rv_001034,iphone_15_pro,usr_1662,2.0,Khá thất vọng,Sau cập nhật phần mềm xuất hiện sọc màn hình nhẹ.,2026-08-24T22:37:08Z,True,0,mobile_app,vi,2026-08-24T22:37:08Z
rv_001035,galaxy_s24,usr_4000,5.0,Rất hài lòng,"Camera chụp đêm rất ấn tượng, độ chi tiết cao.",2026-08-23T03:36:08Z,True,39,mobile_app,vi,2026-08-23T03:36:08Z
rv_001036,ipad_pro_m4,usr_3316,5.0,Rất hài lòng,"Camera chụp đêm rất ấn tượng, độ chi tiết cao.",2026-09-23T12:52:13Z,True,45,partner_api,vi,2026-09-23T12:52:13Z
rv_001037,pixel_8_pro,usr_7420,5.0,Rất hài lòng,"Giao hàng nhanh, đóng gói cẩn thận, dùng 2 tuần chưa thấy lỗi gì.",2026-09-20T14:51:08Z,False,20,web_crawler,vi,2026-09-20T14:51:08Z
rv_001038,iphone_15,usr_5281,5.0,Great purchase,"Build quality is superb, feels very premium in hand.",2026-09-07T19:05:22Z,True,15,partner_api,en,2026-09-07T19:05:22Z
rv_001039,ipad_pro_m4,usr_3317,5.0,Great purchase,Cameras are outstanding in low light conditions.,2026-08-30T04:51:43Z,True,30,mobile_app,en,2026-08-30T04:51:43Z
rv_001040,dell_xps_15,usr_4504,5.0,Rất hài lòng,"Chất lượng hoàn thiện tuyệt vời, màn hình rất đẹp và sáng.",2026-09-17T15:39:29Z,True,6,partner_api,vi,2026-09-17T15:39:29Z
rv_001041,ipad_pro_m4,usr_9467,5.0,Great purchase,"Excellent device, blazing fast performance and gorgeous display.",2026-09-15T06:44:25Z,True,6,mobile_app,en,2026-09-15T06:44:25Z
rv_001042,pixel_8_pro,usr_3600,5.0,Rất hài lòng,"Rất hài lòng với quyết định nâng cấp lần này, 10/10.",2026-09-22T03:29:51Z,True,10,web_crawler,vi,2026-09-22T03:29:51Z
rv_001043,xiaomi_14_pro,usr_9851,4.0,Good overall,Cameras are outstanding in low light conditions.,2026-09-05T00:47:13Z,True,24,mobile_app,en,2026-09-05T00:47:13Z
rv_001044,thinkpad_x1_carbon,usr_1794,4.0,Tốt trong tầm giá,"Rất hài lòng với quyết định nâng cấp lần này, 10/10.",2026-08-25T17:00:47Z,True,20,mobile_app,vi,2026-08-25T17:00:47Z
rv_001045,pixel_8_pro,usr_5214,5.0,Great purchase,"Build quality is superb, feels very premium in hand.",2026-09-11T18:56:43Z,True,40,mobile_app,en,2026-09-11T18:56:43Z
rv_001046,pixel_8_pro,usr_4214,4.0,Tốt trong tầm giá,"Giao hàng nhanh, đóng gói cẩn thận, dùng 2 tuần chưa thấy lỗi gì.",2026-09-23T03:19:02Z,False,2,web_crawler,vi,2026-09-23T03:19:02Z
rv_001047,galaxy_s24,usr_6875,3.0,Tạm ổn,"Dùng tạm được, chưa thực sự ấn tượng.",2026-08-25T06:19:08Z,True,16,mobile_app,vi,2026-08-25T06:19:08Z
rv_001048,galaxy_s24_ultra,usr_7430,5.0,Rất hài lòng,"Sản phẩm dùng rất mượt, pin trâu hơn mong đợi.",2026-09-06T19:53:48Z,True,35,web_crawler,vi,2026-09-06T19:53:48Z
rv_001049,ipad_pro_m4,usr_7619,5.0,Rất hài lòng,"Chất lượng hoàn thiện tuyệt vời, màn hình rất đẹp và sáng.",2026-09-08T23:53:17Z,True,41,partner_api,vi,2026-09-08T23:53:17Z
rv_001050,galaxy_tab_s9,usr_3844,5.0,Rất hài lòng,"Rất hài lòng với quyết định nâng cấp lần này, 10/10.",2026-09-11T22:45:04Z,True,34,partner_api,vi,2026-09-11T22:45:04Z
rv_001051,galaxy_tab_s9,usr_9390,2.0,Khá thất vọng,Máy nhanh nóng khi dùng 4G hoặc quay video 4K.,2026-08-30T18:19:28Z,True,40,mobile_app,vi,2026-08-30T18:19:28Z
rv_001052,rog_phone_8,usr_1854,5.0,Rất hài lòng,"Giao hàng nhanh, đóng gói cẩn thận, dùng 2 tuần chưa thấy lỗi gì.",2026-09-23T06:37:46Z,False,15,web_crawler,vi,2026-09-23T06:37:46Z
rv_001053,thinkpad_x1_carbon,usr_5757,5.0,Rất hài lòng,"Sản phẩm dùng rất mượt, pin trâu hơn mong đợi.",2026-09-21T04:05:35Z,False,6,mobile_app,vi,2026-09-21T04:05:35Z
rv_001054,galaxy_s24,usr_7732,5.0,Great purchase,Highly recommended! Worth every single penny.,2026-09-11T03:44:21Z,False,27,partner_api,en,2026-09-11T03:44:21Z
rv_001055,airpods_pro_2,usr_7350,5.0,Rất hài lòng,"Chất lượng hoàn thiện tuyệt vời, màn hình rất đẹp và sáng.",2026-09-21T01:42:00Z,True,28,partner_api,vi,2026-09-21T01:42:00Z
rv_001056,airpods_pro_2,usr_4382,5.0,Rất hài lòng,"Camera chụp đêm rất ấn tượng, độ chi tiết cao.",2026-08-22T16:00:01Z,True,33,mobile_app,vi,2026-08-22T16:00:01Z
rv_001057,rog_phone_8,usr_4305,3.0,Average,"Decent, but expected more.",2026-09-20T11:05:34Z,True,32,web_crawler,en,2026-09-20T11:05:34Z
rv_001058,airpods_pro_2,usr_2240,5.0,Rất hài lòng,"Sản phẩm dùng rất mượt, pin trâu hơn mong đợi.",2026-08-27T21:18:04Z,True,27,mobile_app,vi,2026-08-27T21:18:04Z
rv_001059,pixel_8_pro,usr_6757,5.0,Rất hài lòng,"Sản phẩm dùng rất mượt, pin trâu hơn mong đợi.",2026-09-16T18:25:23Z,False,33,mobile_app,vi,2026-09-16T18:25:23Z
rv_001060,xiaomi_14_pro,usr_9871,5.0,Rất hài lòng,"Chất lượng hoàn thiện tuyệt vời, màn hình rất đẹp và sáng.",2026-09-19T02:05:05Z,True,37,partner_api,vi,2026-09-19T02:05:05Z
rv_001061,galaxy_s24,usr_1209,5.0,Great purchase,Cameras are outstanding in low light conditions.,2026-09-04T11:18:35Z,True,7,mobile_app,en,2026-09-04T11:18:35Z
rv_001062,pixel_8_pro,usr_2849,5.0,Great purchase,"Build quality is superb, feels very premium in hand.",2026-08-27T05:20:46Z,True,39,partner_api,en,2026-08-27T05:20:46Z
rv_001063,rog_phone_8,usr_9693,4.0,Good overall,"Build quality is superb, feels very premium in hand.",2026-09-01T22:37:34Z,True,28,mobile_app,en,2026-09-01T22:37:34Z
rv_001064,xiaomi_14_pro,usr_6340,4.0,Tốt trong tầm giá,"Camera chụp đêm rất ấn tượng, độ chi tiết cao.",2026-09-01T18:15:46Z,True,9,partner_api,vi,2026-09-01T18:15:46Z
rv_001065,macbook_air_m3,usr_8729,1.0,Không hài lòng,"Thiết kế dễ bám vân tay, loa ngoài hơi rè ở âm lượng lớn.",2026-08-29T10:25:37Z,True,31,mobile_app,vi,2026-08-29T10:25:37Z
rv_001066,iphone_15_pro,usr_8322,5.0,Rất hài lòng,"Rất hài lòng với quyết định nâng cấp lần này, 10/10.",2026-08-20T19:33:28Z,True,13,partner_api,vi,2026-08-20T19:33:28Z
rv_001067,thinkpad_x1_carbon,usr_4352,5.0,Rất hài lòng,"Camera chụp đêm rất ấn tượng, độ chi tiết cao.",2026-08-21T08:05:15Z,False,11,mobile_app,vi,2026-08-21T08:05:15Z
rv_001068,iphone_15_pro,usr_1325,1.0,Poor quality,Customer service was unresponsive when reporting cosmetic defect.,2026-08-28T09:45:59Z,True,13,partner_api,en,2026-08-28T09:45:59Z
rv_001069,xiaomi_14_pro,usr_3054,1.0,Không hài lòng,Máy nhanh nóng khi dùng 4G hoặc quay video 4K.,2026-08-22T16:47:12Z,True,2,web_crawler,vi,2026-08-22T16:47:12Z
rv_001070,sony_wh1000xm5,usr_2446,4.0,Tốt trong tầm giá,"Chất lượng hoàn thiện tuyệt vời, màn hình rất đẹp và sáng.",2026-09-14T07:09:25Z,True,39,mobile_app,vi,2026-09-14T07:09:25Z
rv_001071,pixel_8_pro,usr_1817,5.0,Rất hài lòng,"Chất lượng hoàn thiện tuyệt vời, màn hình rất đẹp và sáng.",2026-09-20T00:01:37Z,False,12,web_crawler,vi,2026-09-20T00:01:37Z
rv_001072,galaxy_s24,usr_1975,4.0,Tốt trong tầm giá,"Giao hàng nhanh, đóng gói cẩn thận, dùng 2 tuần chưa thấy lỗi gì.",2026-08-22T20:19:28Z,True,5,partner_api,vi,2026-08-22T20:19:28Z
rv_001073,galaxy_s24_ultra,usr_2656,5.0,Great purchase,Battery life easily lasts through a full heavy-use day.,2026-08-24T10:37:59Z,True,28,mobile_app,en,2026-08-24T10:37:59Z
rv_001074,iphone_15,usr_6794,5.0,Rất hài lòng,"Rất hài lòng với quyết định nâng cấp lần này, 10/10.",2026-09-07T04:41:16Z,True,20,partner_api,vi,2026-09-07T04:41:16Z
rv_001075,airpods_pro_2,usr_7817,5.0,Rất hài lòng,"Sản phẩm dùng rất mượt, pin trâu hơn mong đợi.",2026-08-31T00:00:53Z,True,28,web_crawler,vi,2026-08-31T00:00:53Z
rv_001076,galaxy_s24_ultra,usr_2808,5.0,Rất hài lòng,"Rất hài lòng với quyết định nâng cấp lần này, 10/10.",2026-09-22T07:26:10Z,True,8,partner_api,vi,2026-09-22T07:26:10Z
rv_001077,xiaomi_14_pro,usr_5518,5.0,Rất hài lòng,"Rất hài lòng với quyết định nâng cấp lần này, 10/10.",2026-09-10T15:29:52Z,True,24,web_crawler,vi,2026-09-10T15:29:52Z
rv_001078,rog_phone_8,usr_5823,2.0,Disappointed,Occasional software glitch causing random restarts.,2026-08-22T02:51:39Z,True,7,partner_api,en,2026-08-22T02:51:39Z
rv_001079,galaxy_s24,usr_3954,4.0,Good overall,"Excellent device, blazing fast performance and gorgeous display.",2026-09-13T21:02:34Z,True,29,mobile_app,en,2026-09-13T21:02:34Z
rv_001080,macbook_air_m3,usr_2878,5.0,Rất hài lòng,"Chất lượng hoàn thiện tuyệt vời, màn hình rất đẹp và sáng.",2026-09-11T00:03:33Z,True,23,partner_api,vi,2026-09-11T00:03:33Z
rv_001081,airpods_pro_2,usr_4819,5.0,Rất hài lòng,"Sản phẩm dùng rất mượt, pin trâu hơn mong đợi.",2026-09-22T02:22:25Z,True,23,partner_api,vi,2026-09-22T02:22:25Z
rv_001082,dell_xps_15,usr_7307,3.0,Average,"Decent, but expected more.",2026-09-20T09:47:58Z,True,10,mobile_app,en,2026-09-20T09:47:58Z
rv_001083,rog_phone_8,usr_2706,3.0,Average,"Decent, but expected more.",2026-09-09T20:31:45Z,True,15,web_crawler,en,2026-09-09T20:31:45Z
rv_001084,sony_wh1000xm5,usr_1646,5.0,Rất hài lòng,"Sản phẩm dùng rất mượt, pin trâu hơn mong đợi.",2026-09-12T16:15:16Z,True,26,mobile_app,vi,2026-09-12T16:15:16Z
rv_001085,airpods_pro_2,usr_6619,5.0,Great purchase,Highly recommended! Worth every single penny.,2026-08-27T15:57:57Z,False,4,web_crawler,en,2026-08-27T15:57:57Z
rv_001086,xiaomi_14_pro,usr_1683,4.0,Good overall,"Build quality is superb, feels very premium in hand.",2026-09-12T07:49:06Z,True,0,web_crawler,en,2026-09-12T07:49:06Z
rv_001087,thinkpad_x1_carbon,usr_9103,5.0,Rất hài lòng,"Camera chụp đêm rất ấn tượng, độ chi tiết cao.",2026-09-15T12:41:28Z,True,24,web_crawler,vi,2026-09-15T12:41:28Z
rv_001088,macbook_pro_m3,usr_8484,2.0,Khá thất vọng,Giá hơi đắt so với trải nghiệm thực tế mang lại.,2026-09-07T20:31:22Z,False,6,mobile_app,vi,2026-09-07T20:31:22Z
rv_001089,galaxy_s24_ultra,usr_9297,3.0,Tạm ổn,"Dùng tạm được, chưa thực sự ấn tượng.",2026-09-09T16:14:44Z,True,14,partner_api,vi,2026-09-09T16:14:44Z
rv_001090,macbook_air_m3,usr_1211,5.0,Rất hài lòng,"Sản phẩm dùng rất mượt, pin trâu hơn mong đợi.",2026-09-03T11:11:25Z,True,44,partner_api,vi,2026-09-03T11:11:25Z
rv_001091,iphone_15_pro,usr_1910,5.0,Great purchase,"Build quality is superb, feels very premium in hand.",2026-08-22T23:33:14Z,True,31,partner_api,en,2026-08-22T23:33:14Z
rv_001092,galaxy_tab_s9,usr_8569,4.0,Tốt trong tầm giá,"Rất hài lòng với quyết định nâng cấp lần này, 10/10.",2026-08-21T09:35:39Z,True,4,mobile_app,vi,2026-08-21T09:35:39Z
rv_001093,xiaomi_14_pro,usr_7554,5.0,Great purchase,"Build quality is superb, feels very premium in hand.",2026-09-05T11:34:25Z,True,14,partner_api,en,2026-09-05T11:34:25Z
rv_001094,iphone_15_pro,usr_3518,2.0,Khá thất vọng,Giá hơi đắt so với trải nghiệm thực tế mang lại.,2026-09-13T05:04:00Z,True,19,partner_api,vi,2026-09-13T05:04:00Z
rv_001095,thinkpad_x1_carbon,usr_2805,3.0,Average,"Decent, but expected more.",2026-09-21T16:05:24Z,False,21,mobile_app,en,2026-09-21T16:05:24Z
rv_001096,xiaomi_14_pro,usr_2257,5.0,Great purchase,"Excellent device, blazing fast performance and gorgeous display.",2026-09-10T01:57:12Z,False,29,mobile_app,en,2026-09-10T01:57:12Z
rv_001097,airpods_pro_2,usr_1843,5.0,Rất hài lòng,"Sản phẩm dùng rất mượt, pin trâu hơn mong đợi.",2026-09-20T22:45:30Z,True,20,mobile_app,vi,2026-09-20T22:45:30Z
rv_001098,macbook_pro_m3,usr_5791,3.0,Average,"Decent, but expected more.",2026-08-26T05:36:41Z,True,32,partner_api,en,2026-08-26T05:36:41Z
rv_001099,iphone_15_pro,usr_7357,3.0,Tạm ổn,"Dùng tạm được, chưa thực sự ấn tượng.",2026-09-20T13:39:09Z,False,28,partner_api,vi,2026-09-20T13:39:09Z
rv_001100,airpods_pro_2,usr_3581,5.0,Rất hài lòng,"Rất hài lòng với quyết định nâng cấp lần này, 10/10.",2026-09-16T08:46:39Z,True,7,partner_api,vi,2026-09-16T08:46:39Z
rv_001101,galaxy_tab_s9,usr_2148,5.0,Rất hài lòng,"Chất lượng hoàn thiện tuyệt vời, màn hình rất đẹp và sáng.",2026-09-08T06:58:03Z,True,42,mobile_app,vi,2026-09-08T06:58:03Z
rv_001102,thinkpad_x1_carbon,usr_5059,4.0,Tốt trong tầm giá,"Giao hàng nhanh, đóng gói cẩn thận, dùng 2 tuần chưa thấy lỗi gì.",2026-09-09T14:54:51Z,True,10,web_crawler,vi,2026-09-09T14:54:51Z
rv_001103,macbook_pro_m3,usr_5469,5.0,Rất hài lòng,"Sản phẩm dùng rất mượt, pin trâu hơn mong đợi.",2026-08-22T11:55:21Z,True,30,mobile_app,vi,2026-08-22T11:55:21Z
rv_001104,galaxy_s24,usr_5727,5.0,Rất hài lòng,"Chất lượng hoàn thiện tuyệt vời, màn hình rất đẹp và sáng.",2026-09-05T09:15:31Z,True,8,web_crawler,vi,2026-09-05T09:15:31Z
rv_001105,dell_xps_15,usr_3179,5.0,Rất hài lòng,"Giao hàng nhanh, đóng gói cẩn thận, dùng 2 tuần chưa thấy lỗi gì.",2026-08-27T17:29:52Z,True,9,web_crawler,vi,2026-08-27T17:29:52Z
rv_001106,iphone_15,usr_6473,4.0,Good overall,Cameras are outstanding in low light conditions.,2026-08-21T03:53:25Z,True,19,mobile_app,en,2026-08-21T03:53:25Z
rv_001107,galaxy_s24,usr_6084,4.0,Tốt trong tầm giá,"Sản phẩm dùng rất mượt, pin trâu hơn mong đợi.",2026-09-13T19:59:28Z,True,24,partner_api,vi,2026-09-13T19:59:28Z
rv_001108,xiaomi_14_pro,usr_7964,5.0,Rất hài lòng,"Chất lượng hoàn thiện tuyệt vời, màn hình rất đẹp và sáng.",2026-09-23T01:05:09Z,True,25,web_crawler,vi,2026-09-23T01:05:09Z
rv_001109,xiaomi_14_pro,usr_9767,2.0,Khá thất vọng,Sau cập nhật phần mềm xuất hiện sọc màn hình nhẹ.,2026-09-22T15:15:43Z,False,14,web_crawler,vi,2026-09-22T15:15:43Z
rv_001110,thinkpad_x1_carbon,usr_9248,5.0,Rất hài lòng,"Camera chụp đêm rất ấn tượng, độ chi tiết cao.",2026-09-09T20:52:41Z,True,24,web_crawler,vi,2026-09-09T20:52:41Z
rv_001111,macbook_air_m3,usr_3600,5.0,Great purchase,Cameras are outstanding in low light conditions.,2026-09-13T12:37:10Z,True,18,partner_api,en,2026-09-13T12:37:10Z
rv_001112,sony_wh1000xm5,usr_3271,5.0,Great purchase,Highly recommended! Worth every single penny.,2026-08-20T16:57:32Z,True,27,partner_api,en,2026-08-20T16:57:32Z
rv_001113,iphone_15_pro,usr_9828,5.0,Rất hài lòng,"Sản phẩm dùng rất mượt, pin trâu hơn mong đợi.",2026-09-19T05:26:41Z,False,2,partner_api,vi,2026-09-19T05:26:41Z
rv_001114,thinkpad_x1_carbon,usr_8326,5.0,Great purchase,"Excellent device, blazing fast performance and gorgeous display.",2026-08-31T01:11:18Z,True,24,partner_api,en,2026-08-31T01:11:18Z
rv_001115,galaxy_s24,usr_5191,1.0,Không hài lòng,"Pin tụt khá nhanh, chỉ được nửa ngày là phải cắm sạc.",2026-08-28T15:04:21Z,False,10,partner_api,vi,2026-08-28T15:04:21Z
rv_001116,galaxy_s24,usr_8242,1.0,Không hài lòng,Giá hơi đắt so với trải nghiệm thực tế mang lại.,2026-09-08T00:10:36Z,True,4,web_crawler,vi,2026-09-08T00:10:36Z
rv_001117,galaxy_s24_ultra,usr_4908,3.0,Tạm ổn,"Dùng tạm được, chưa thực sự ấn tượng.",2026-09-22T08:39:13Z,True,18,web_crawler,vi,2026-09-22T08:39:13Z
rv_001118,dell_xps_15,usr_7902,3.0,Average,"Decent, but expected more.",2026-08-29T01:59:13Z,True,16,mobile_app,en,2026-08-29T01:59:13Z
rv_001119,dell_xps_15,usr_4202,4.0,Good overall,Battery life easily lasts through a full heavy-use day.,2026-09-11T15:17:00Z,False,44,partner_api,en,2026-09-11T15:17:00Z
rv_001120,iphone_15,usr_8289,5.0,Great purchase,"Build quality is superb, feels very premium in hand.",2026-08-28T02:34:04Z,True,27,web_crawler,en,2026-08-28T02:34:04Z
rv_001121,thinkpad_x1_carbon,usr_2386,4.0,Tốt trong tầm giá,"Camera chụp đêm rất ấn tượng, độ chi tiết cao.",2026-09-23T14:48:04Z,True,10,partner_api,vi,2026-09-23T14:48:04Z
rv_001122,macbook_air_m3,usr_7080,5.0,Rất hài lòng,"Sản phẩm dùng rất mượt, pin trâu hơn mong đợi.",2026-08-30T21:51:40Z,False,32,web_crawler,vi,2026-08-30T21:51:40Z
rv_001123,pixel_8_pro,usr_6563,1.0,Không hài lòng,Sau cập nhật phần mềm xuất hiện sọc màn hình nhẹ.,2026-09-01T07:44:46Z,True,10,partner_api,vi,2026-09-01T07:44:46Z
rv_001124,thinkpad_x1_carbon,usr_9817,5.0,Rất hài lòng,"Rất hài lòng với quyết định nâng cấp lần này, 10/10.",2026-08-28T23:11:35Z,True,2,web_crawler,vi,2026-08-28T23:11:35Z
rv_001125,ipad_pro_m4,usr_2050,4.0,Tốt trong tầm giá,"Sản phẩm dùng rất mượt, pin trâu hơn mong đợi.",2026-09-19T13:52:47Z,False,17,web_crawler,vi,2026-09-19T13:52:47Z
rv_001126,xiaomi_14_pro,usr_1277,5.0,Rất hài lòng,"Giao hàng nhanh, đóng gói cẩn thận, dùng 2 tuần chưa thấy lỗi gì.",2026-09-13T15:29:52Z,True,20,web_crawler,vi,2026-09-13T15:29:52Z
rv_001127,airpods_pro_2,usr_4436,5.0,Great purchase,Battery life easily lasts through a full heavy-use day.,2026-09-06T02:55:19Z,True,13,partner_api,en,2026-09-06T02:55:19Z
rv_001128,xiaomi_14_pro,usr_4243,3.0,Tạm ổn,"Dùng tạm được, chưa thực sự ấn tượng.",2026-09-14T03:03:44Z,True,37,mobile_app,vi,2026-09-14T03:03:44Z
rv_001129,dell_xps_15,usr_5890,5.0,Rất hài lòng,"Giao hàng nhanh, đóng gói cẩn thận, dùng 2 tuần chưa thấy lỗi gì.",2026-08-31T07:17:38Z,True,42,mobile_app,vi,2026-08-31T07:17:38Z
rv_001130,macbook_air_m3,usr_1565,5.0,Rất hài lòng,"Chất lượng hoàn thiện tuyệt vời, màn hình rất đẹp và sáng.",2026-09-10T19:35:41Z,True,20,mobile_app,vi,2026-09-10T19:35:41Z
rv_001131,iphone_15,usr_9936,4.0,Tốt trong tầm giá,"Chất lượng hoàn thiện tuyệt vời, màn hình rất đẹp và sáng.",2026-08-22T13:17:41Z,False,26,partner_api,vi,2026-08-22T13:17:41Z
rv_001132,thinkpad_x1_carbon,usr_8485,4.0,Good overall,Cameras are outstanding in low light conditions.,2026-08-27T04:17:08Z,True,32,partner_api,en,2026-08-27T04:17:08Z
rv_001133,galaxy_tab_s9,usr_1669,1.0,Không hài lòng,"Thiết kế dễ bám vân tay, loa ngoài hơi rè ở âm lượng lớn.",2026-08-24T08:11:13Z,True,22,web_crawler,vi,2026-08-24T08:11:13Z
rv_001134,dell_xps_15,usr_3326,3.0,Tạm ổn,"Dùng tạm được, chưa thực sự ấn tượng.",2026-09-03T18:03:36Z,True,15,partner_api,vi,2026-09-03T18:03:36Z
rv_001135,thinkpad_x1_carbon,usr_6370,5.0,Great purchase,Battery life easily lasts through a full heavy-use day.,2026-08-21T03:09:14Z,True,25,mobile_app,en,2026-08-21T03:09:14Z
rv_001136,macbook_pro_m3,usr_1834,4.0,Good overall,"Build quality is superb, feels very premium in hand.",2026-08-26T00:43:54Z,True,8,mobile_app,en,2026-08-26T00:43:54Z
rv_001137,pixel_8_pro,usr_4605,5.0,Great purchase,Cameras are outstanding in low light conditions.,2026-08-24T22:10:19Z,True,41,partner_api,en,2026-08-24T22:10:19Z
rv_001138,galaxy_s24_ultra,usr_9474,4.0,Tốt trong tầm giá,"Giao hàng nhanh, đóng gói cẩn thận, dùng 2 tuần chưa thấy lỗi gì.",2026-09-21T19:22:27Z,True,3,partner_api,vi,2026-09-21T19:22:27Z
rv_001139,iphone_15,usr_4757,5.0,Rất hài lòng,"Rất hài lòng với quyết định nâng cấp lần này, 10/10.",2026-09-13T07:22:24Z,True,9,web_crawler,vi,2026-09-13T07:22:24Z
rv_001140,ipad_pro_m4,usr_2398,4.0,Good overall,Battery life easily lasts through a full heavy-use day.,2026-09-12T05:20:37Z,True,25,mobile_app,en,2026-09-12T05:20:37Z
rv_001141,galaxy_tab_s9,usr_4964,4.0,Good overall,Highly recommended! Worth every single penny.,2026-08-20T07:29:39Z,False,4,mobile_app,en,2026-08-20T07:29:39Z
rv_001142,ipad_pro_m4,usr_2880,5.0,Great purchase,Highly recommended! Worth every single penny.,2026-08-22T05:03:34Z,True,2,web_crawler,en,2026-08-22T05:03:34Z
rv_001143,galaxy_s24,usr_8933,4.0,Tốt trong tầm giá,"Sản phẩm dùng rất mượt, pin trâu hơn mong đợi.",2026-09-18T15:42:49Z,True,43,mobile_app,vi,2026-09-18T15:42:49Z
rv_001144,sony_wh1000xm5,usr_5959,5.0,Great purchase,Cameras are outstanding in low light conditions.,2026-09-04T06:08:35Z,True,10,web_crawler,en,2026-09-04T06:08:35Z
rv_001145,pixel_8_pro,usr_1754,2.0,Khá thất vọng,"Thiết kế dễ bám vân tay, loa ngoài hơi rè ở âm lượng lớn.",2026-08-21T18:01:30Z,True,18,web_crawler,vi,2026-08-21T18:01:30Z
rv_001146,airpods_pro_2,usr_2960,1.0,Không hài lòng,Sau cập nhật phần mềm xuất hiện sọc màn hình nhẹ.,2026-09-18T04:08:26Z,True,13,mobile_app,vi,2026-09-18T04:08:26Z
rv_001147,macbook_pro_m3,usr_3180,5.0,Rất hài lòng,"Camera chụp đêm rất ấn tượng, độ chi tiết cao.",2026-09-22T18:46:01Z,True,36,partner_api,vi,2026-09-22T18:46:01Z
rv_001148,airpods_pro_2,usr_5255,5.0,Rất hài lòng,"Sản phẩm dùng rất mượt, pin trâu hơn mong đợi.",2026-09-22T09:48:46Z,True,0,partner_api,vi,2026-09-22T09:48:46Z
rv_001149,macbook_air_m3,usr_2575,4.0,Tốt trong tầm giá,"Camera chụp đêm rất ấn tượng, độ chi tiết cao.",2026-08-21T16:37:20Z,True,15,web_crawler,vi,2026-08-21T16:37:20Z
rv_001150,iphone_15_pro,usr_5239,4.0,Tốt trong tầm giá,"Chất lượng hoàn thiện tuyệt vời, màn hình rất đẹp và sáng.",2026-08-22T06:10:31Z,True,27,mobile_app,vi,2026-08-22T06:10:31Z
rv_001151,macbook_pro_m3,usr_3473,4.0,Tốt trong tầm giá,"Chất lượng hoàn thiện tuyệt vời, màn hình rất đẹp và sáng.",2026-09-20T22:18:43Z,True,39,mobile_app,vi,2026-09-20T22:18:43Z
rv_001152,galaxy_tab_s9,usr_7292,5.0,Great purchase,Cameras are outstanding in low light conditions.,2026-09-03T08:09:07Z,True,44,partner_api,en,2026-09-03T08:09:07Z
rv_001153,sony_wh1000xm5,usr_5343,4.0,Good overall,Cameras are outstanding in low light conditions.,2026-09-23T12:34:28Z,True,43,mobile_app,en,2026-09-23T12:34:28Z
rv_001154,galaxy_tab_s9,usr_3249,5.0,Rất hài lòng,"Rất hài lòng với quyết định nâng cấp lần này, 10/10.",2026-09-22T14:19:00Z,True,17,web_crawler,vi,2026-09-22T14:19:00Z
rv_001155,ipad_pro_m4,usr_7818,2.0,Khá thất vọng,"Thiết kế dễ bám vân tay, loa ngoài hơi rè ở âm lượng lớn.",2026-09-14T10:06:45Z,False,39,web_crawler,vi,2026-09-14T10:06:45Z
rv_001156,rog_phone_8,usr_9924,3.0,Average,"Decent, but expected more.",2026-08-20T07:48:18Z,True,12,partner_api,en,2026-08-20T07:48:18Z
rv_001157,thinkpad_x1_carbon,usr_1632,3.0,Tạm ổn,"Dùng tạm được, chưa thực sự ấn tượng.",2026-09-18T12:34:47Z,True,15,mobile_app,vi,2026-09-18T12:34:47Z
rv_001158,ipad_pro_m4,usr_6164,3.0,Average,"Decent, but expected more.",2026-09-13T01:14:35Z,True,14,partner_api,en,2026-09-13T01:14:35Z
rv_001159,iphone_15,usr_8637,5.0,Rất hài lòng,"Giao hàng nhanh, đóng gói cẩn thận, dùng 2 tuần chưa thấy lỗi gì.",2026-08-25T12:52:50Z,True,35,web_crawler,vi,2026-08-25T12:52:50Z
rv_001160,galaxy_s24,usr_7068,5.0,Great purchase,"Excellent device, blazing fast performance and gorgeous display.",2026-09-06T18:03:57Z,True,39,mobile_app,en,2026-09-06T18:03:57Z
rv_001161,xiaomi_14_pro,usr_7448,5.0,Rất hài lòng,"Sản phẩm dùng rất mượt, pin trâu hơn mong đợi.",2026-09-20T18:05:07Z,True,32,partner_api,vi,2026-09-20T18:05:07Z
rv_001162,airpods_pro_2,usr_4194,4.0,Good overall,"Build quality is superb, feels very premium in hand.",2026-09-16T07:23:05Z,False,37,partner_api,en,2026-09-16T07:23:05Z
rv_001163,dell_xps_15,usr_1743,5.0,Rất hài lòng,"Sản phẩm dùng rất mượt, pin trâu hơn mong đợi.",2026-09-02T11:42:01Z,True,6,partner_api,vi,2026-09-02T11:42:01Z
rv_001164,macbook_air_m3,usr_5368,5.0,Rất hài lòng,"Camera chụp đêm rất ấn tượng, độ chi tiết cao.",2026-09-20T17:13:32Z,False,37,web_crawler,vi,2026-09-20T17:13:32Z
rv_001165,airpods_pro_2,usr_2868,5.0,Rất hài lòng,"Chất lượng hoàn thiện tuyệt vời, màn hình rất đẹp và sáng.",2026-08-21T23:49:24Z,True,38,partner_api,vi,2026-08-21T23:49:24Z
rv_001166,galaxy_s24,usr_3243,5.0,Rất hài lòng,"Giao hàng nhanh, đóng gói cẩn thận, dùng 2 tuần chưa thấy lỗi gì.",2026-08-23T23:46:14Z,True,27,mobile_app,vi,2026-08-23T23:46:14Z
rv_001167,galaxy_tab_s9,usr_8936,5.0,Rất hài lòng,"Chất lượng hoàn thiện tuyệt vời, màn hình rất đẹp và sáng.",2026-08-30T16:03:14Z,True,41,web_crawler,vi,2026-08-30T16:03:14Z
rv_001168,galaxy_s24_ultra,usr_3761,5.0,Great purchase,Battery life easily lasts through a full heavy-use day.,2026-09-18T08:16:33Z,False,2,mobile_app,en,2026-09-18T08:16:33Z
rv_001169,xiaomi_14_pro,usr_3235,4.0,Good overall,Battery life easily lasts through a full heavy-use day.,2026-09-18T10:23:24Z,True,30,web_crawler,en,2026-09-18T10:23:24Z
rv_001170,pixel_8_pro,usr_6524,5.0,Rất hài lòng,"Giao hàng nhanh, đóng gói cẩn thận, dùng 2 tuần chưa thấy lỗi gì.",2026-09-15T16:08:21Z,True,19,partner_api,vi,2026-09-15T16:08:21Z
rv_001171,thinkpad_x1_carbon,usr_5474,1.0,Poor quality,Occasional software glitch causing random restarts.,2026-09-10T13:13:08Z,False,28,partner_api,en,2026-09-10T13:13:08Z
rv_001172,dell_xps_15,usr_4803,4.0,Good overall,Cameras are outstanding in low light conditions.,2026-09-03T19:17:55Z,True,16,web_crawler,en,2026-09-03T19:17:55Z
rv_001173,xiaomi_14_pro,usr_1948,5.0,Rất hài lòng,"Sản phẩm dùng rất mượt, pin trâu hơn mong đợi.",2026-09-12T21:35:08Z,True,3,web_crawler,vi,2026-09-12T21:35:08Z
rv_001174,iphone_15_pro,usr_8075,2.0,Khá thất vọng,"Thiết kế dễ bám vân tay, loa ngoài hơi rè ở âm lượng lớn.",2026-09-05T02:52:21Z,False,6,web_crawler,vi,2026-09-05T02:52:21Z
rv_001175,macbook_pro_m3,usr_3541,4.0,Tốt trong tầm giá,"Camera chụp đêm rất ấn tượng, độ chi tiết cao.",2026-09-05T19:52:23Z,True,34,mobile_app,vi,2026-09-05T19:52:23Z
rv_001176,dell_xps_15,usr_2349,5.0,Rất hài lòng,"Sản phẩm dùng rất mượt, pin trâu hơn mong đợi.",2026-09-22T10:37:42Z,False,44,web_crawler,vi,2026-09-22T10:37:42Z
rv_001177,macbook_air_m3,usr_1932,5.0,Rất hài lòng,"Sản phẩm dùng rất mượt, pin trâu hơn mong đợi.",2026-09-15T13:05:49Z,True,9,web_crawler,vi,2026-09-15T13:05:49Z
rv_001178,galaxy_s24,usr_1600,5.0,Rất hài lòng,"Camera chụp đêm rất ấn tượng, độ chi tiết cao.",2026-09-18T16:31:22Z,False,12,web_crawler,vi,2026-09-18T16:31:22Z
rv_001179,iphone_15,usr_5666,4.0,Good overall,Cameras are outstanding in low light conditions.,2026-08-25T14:40:34Z,True,12,web_crawler,en,2026-08-25T14:40:34Z
rv_001180,galaxy_s24_ultra,usr_4613,4.0,Tốt trong tầm giá,"Sản phẩm dùng rất mượt, pin trâu hơn mong đợi.",2026-09-22T11:11:55Z,True,5,web_crawler,vi,2026-09-22T11:11:55Z
rv_001181,xiaomi_14_pro,usr_3326,5.0,Great purchase,"Excellent device, blazing fast performance and gorgeous display.",2026-09-22T11:33:39Z,True,14,mobile_app,en,2026-09-22T11:33:39Z
rv_001182,xiaomi_14_pro,usr_6597,3.0,Tạm ổn,"Dùng tạm được, chưa thực sự ấn tượng.",2026-08-25T10:46:48Z,True,19,partner_api,vi,2026-08-25T10:46:48Z
rv_001183,sony_wh1000xm5,usr_5282,3.0,Tạm ổn,"Dùng tạm được, chưa thực sự ấn tượng.",2026-09-13T16:31:58Z,True,24,mobile_app,vi,2026-09-13T16:31:58Z
rv_001184,ipad_pro_m4,usr_8008,5.0,Great purchase,Battery life easily lasts through a full heavy-use day.,2026-09-21T03:56:11Z,True,37,partner_api,en,2026-09-21T03:56:11Z
rv_001185,pixel_8_pro,usr_1442,5.0,Rất hài lòng,"Giao hàng nhanh, đóng gói cẩn thận, dùng 2 tuần chưa thấy lỗi gì.",2026-08-20T05:09:27Z,True,44,mobile_app,vi,2026-08-20T05:09:27Z
rv_001186,xiaomi_14_pro,usr_7228,4.0,Tốt trong tầm giá,"Chất lượng hoàn thiện tuyệt vời, màn hình rất đẹp và sáng.",2026-08-24T19:21:49Z,True,21,partner_api,vi,2026-08-24T19:21:49Z
rv_001187,macbook_pro_m3,usr_3890,4.0,Tốt trong tầm giá,"Chất lượng hoàn thiện tuyệt vời, màn hình rất đẹp và sáng.",2026-09-05T02:16:45Z,True,8,web_crawler,vi,2026-09-05T02:16:45Z
rv_001188,macbook_air_m3,usr_3734,5.0,Rất hài lòng,"Giao hàng nhanh, đóng gói cẩn thận, dùng 2 tuần chưa thấy lỗi gì.",2026-09-18T17:48:04Z,True,28,partner_api,vi,2026-09-18T17:48:04Z
rv_001189,dell_xps_15,usr_2092,5.0,Great purchase,Highly recommended! Worth every single penny.,2026-08-29T20:23:20Z,True,44,partner_api,en,2026-08-29T20:23:20Z
rv_001190,thinkpad_x1_carbon,usr_1181,5.0,Rất hài lòng,"Giao hàng nhanh, đóng gói cẩn thận, dùng 2 tuần chưa thấy lỗi gì.",2026-08-28T18:42:19Z,True,15,partner_api,vi,2026-08-28T18:42:19Z
rv_001191,galaxy_s24,usr_2423,5.0,Rất hài lòng,"Giao hàng nhanh, đóng gói cẩn thận, dùng 2 tuần chưa thấy lỗi gì.",2026-09-01T05:43:19Z,True,43,partner_api,vi,2026-09-01T05:43:19Z
rv_001192,airpods_pro_2,usr_4867,5.0,Rất hài lòng,"Camera chụp đêm rất ấn tượng, độ chi tiết cao.",2026-09-23T15:37:36Z,False,22,web_crawler,vi,2026-09-23T15:37:36Z
rv_001193,galaxy_s24_ultra,usr_8922,2.0,Khá thất vọng,"Pin tụt khá nhanh, chỉ được nửa ngày là phải cắm sạc.",2026-09-15T14:42:00Z,True,45,mobile_app,vi,2026-09-15T14:42:00Z
rv_001194,galaxy_tab_s9,usr_6674,2.0,Khá thất vọng,Giá hơi đắt so với trải nghiệm thực tế mang lại.,2026-09-17T04:16:53Z,True,22,partner_api,vi,2026-09-17T04:16:53Z
rv_001195,macbook_air_m3,usr_4511,5.0,Rất hài lòng,"Chất lượng hoàn thiện tuyệt vời, màn hình rất đẹp và sáng.",2026-09-05T20:03:03Z,False,8,mobile_app,vi,2026-09-05T20:03:03Z
rv_001196,galaxy_s24_ultra,usr_6308,5.0,Rất hài lòng,"Sản phẩm dùng rất mượt, pin trâu hơn mong đợi.",2026-09-02T14:39:29Z,True,37,mobile_app,vi,2026-09-02T14:39:29Z
rv_001197,macbook_pro_m3,usr_4093,5.0,Rất hài lòng,"Giao hàng nhanh, đóng gói cẩn thận, dùng 2 tuần chưa thấy lỗi gì.",2026-08-25T11:33:12Z,True,11,web_crawler,vi,2026-08-25T11:33:12Z
rv_001198,galaxy_tab_s9,usr_6588,5.0,Great purchase,Battery life easily lasts through a full heavy-use day.,2026-09-09T07:37:40Z,True,24,mobile_app,en,2026-09-09T07:37:40Z
rv_001199,iphone_15_pro,usr_8978,5.0,Rất hài lòng,"Sản phẩm dùng rất mượt, pin trâu hơn mong đợi.",2026-08-25T19:58:59Z,False,32,web_crawler,vi,2026-08-25T19:58:59Z
rv_001200,iphone_15_pro,usr_1585,5.0,Rất hài lòng,"Camera chụp đêm rất ấn tượng, độ chi tiết cao.",2026-08-20T21:05:39Z,True,20,partner_api,vi,2026-08-20T21:05:39Z
rv_burst_001,iphone_15,usr_burst_1,1.0,Lỗi màn hình sau update,Sau bản cập nhật iOS mới màn hình bị chớp xanh và nóng ran!,2026-09-20T14:00:00Z,True,67,mobile_app,vi,2026-09-20T14:00:00Z
rv_burst_002,iphone_15,usr_burst_2,2.0,Lỗi màn hình sau update,Sau bản cập nhật iOS mới màn hình bị chớp xanh và nóng ran!,2026-09-20T14:01:00Z,True,53,mobile_app,vi,2026-09-20T14:01:00Z
rv_burst_003,iphone_15,usr_burst_3,1.0,Lỗi màn hình sau update,Sau bản cập nhật iOS mới màn hình bị chớp xanh và nóng ran!,2026-09-20T14:02:00Z,True,35,mobile_app,vi,2026-09-20T14:02:00Z
rv_burst_004,iphone_15,usr_burst_4,2.0,Lỗi màn hình sau update,Sau bản cập nhật iOS mới màn hình bị chớp xanh và nóng ran!,2026-09-20T14:03:00Z,True,14,mobile_app,vi,2026-09-20T14:03:00Z
rv_burst_005,iphone_15,usr_burst_5,1.0,Lỗi màn hình sau update,Sau bản cập nhật iOS mới màn hình bị chớp xanh và nóng ran!,2026-09-20T14:04:00Z,True,29,mobile_app,vi,2026-09-20T14:04:00Z
rv_burst_006,iphone_15,usr_burst_6,2.0,Lỗi màn hình sau update,Sau bản cập nhật iOS mới màn hình bị chớp xanh và nóng ran!,2026-09-20T14:05:00Z,True,25,mobile_app,vi,2026-09-20T14:05:00Z
rv_burst_007,iphone_15,usr_burst_7,1.0,Lỗi màn hình sau update,Sau bản cập nhật iOS mới màn hình bị chớp xanh và nóng ran!,2026-09-20T14:06:00Z,True,23,mobile_app,vi,2026-09-20T14:06:00Z
rv_burst_008,iphone_15,usr_burst_8,2.0,Lỗi màn hình sau update,Sau bản cập nhật iOS mới màn hình bị chớp xanh và nóng ran!,2026-09-20T14:07:00Z,True,63,mobile_app,vi,2026-09-20T14:07:00Z
rv_burst_009,iphone_15,usr_burst_9,1.0,Lỗi màn hình sau update,Sau bản cập nhật iOS mới màn hình bị chớp xanh và nóng ran!,2026-09-20T14:08:00Z,True,22,mobile_app,vi,2026-09-20T14:08:00Z
rv_burst_010,iphone_15,usr_burst_10,2.0,Lỗi màn hình sau update,Sau bản cập nhật iOS mới màn hình bị chớp xanh và nóng ran!,2026-09-20T14:09:00Z,True,50,mobile_app,vi,2026-09-20T14:09:00Z
rv_burst_011,iphone_15,usr_burst_11,1.0,Lỗi màn hình sau update,Sau bản cập nhật iOS mới màn hình bị chớp xanh và nóng ran!,2026-09-20T14:10:00Z,True,61,mobile_app,vi,2026-09-20T14:10:00Z
rv_burst_012,iphone_15,usr_burst_12,2.0,Lỗi màn hình sau update,Sau bản cập nhật iOS mới màn hình bị chớp xanh và nóng ran!,2026-09-20T14:11:00Z,True,74,mobile_app,vi,2026-09-20T14:11:00Z
rv_burst_013,iphone_15,usr_burst_13,1.0,Lỗi màn hình sau update,Sau bản cập nhật iOS mới màn hình bị chớp xanh và nóng ran!,2026-09-20T14:12:00Z,True,23,mobile_app,vi,2026-09-20T14:12:00Z
rv_burst_014,iphone_15,usr_burst_14,2.0,Lỗi màn hình sau update,Sau bản cập nhật iOS mới màn hình bị chớp xanh và nóng ran!,2026-09-20T14:13:00Z,True,70,mobile_app,vi,2026-09-20T14:13:00Z
rv_burst_015,iphone_15,usr_burst_15,1.0,Lỗi màn hình sau update,Sau bản cập nhật iOS mới màn hình bị chớp xanh và nóng ran!,2026-09-20T14:14:00Z,True,77,mobile_app,vi,2026-09-20T14:14:00Z
rv_burst_016,iphone_15,usr_burst_16,2.0,Lỗi màn hình sau update,Sau bản cập nhật iOS mới màn hình bị chớp xanh và nóng ran!,2026-09-20T14:15:00Z,True,51,mobile_app,vi,2026-09-20T14:15:00Z
rv_burst_017,iphone_15,usr_burst_17,1.0,Lỗi màn hình sau update,Sau bản cập nhật iOS mới màn hình bị chớp xanh và nóng ran!,2026-09-20T14:16:00Z,True,71,mobile_app,vi,2026-09-20T14:16:00Z
rv_burst_018,iphone_15,usr_burst_18,2.0,Lỗi màn hình sau update,Sau bản cập nhật iOS mới màn hình bị chớp xanh và nóng ran!,2026-09-20T14:17:00Z,True,79,mobile_app,vi,2026-09-20T14:17:00Z
rv_burst_019,iphone_15,usr_burst_19,1.0,Lỗi màn hình sau update,Sau bản cập nhật iOS mới màn hình bị chớp xanh và nóng ran!,2026-09-20T14:18:00Z,True,72,mobile_app,vi,2026-09-20T14:18:00Z
rv_burst_020,iphone_15,usr_burst_20,2.0,Lỗi màn hình sau update,Sau bản cập nhật iOS mới màn hình bị chớp xanh và nóng ran!,2026-09-20T14:19:00Z,True,62,mobile_app,vi,2026-09-20T14:19:00Z
rv_burst_021,iphone_15,usr_burst_21,1.0,Lỗi màn hình sau update,Sau bản cập nhật iOS mới màn hình bị chớp xanh và nóng ran!,2026-09-20T14:20:00Z,True,73,mobile_app,vi,2026-09-20T14:20:00Z
rv_burst_022,iphone_15,usr_burst_22,2.0,Lỗi màn hình sau update,Sau bản cập nhật iOS mới màn hình bị chớp xanh và nóng ran!,2026-09-20T14:21:00Z,True,44,mobile_app,vi,2026-09-20T14:21:00Z
rv_burst_023,iphone_15,usr_burst_23,1.0,Lỗi màn hình sau update,Sau bản cập nhật iOS mới màn hình bị chớp xanh và nóng ran!,2026-09-20T14:22:00Z,True,26,mobile_app,vi,2026-09-20T14:22:00Z
rv_burst_024,iphone_15,usr_burst_24,2.0,Lỗi màn hình sau update,Sau bản cập nhật iOS mới màn hình bị chớp xanh và nóng ran!,2026-09-20T14:23:00Z,True,72,mobile_app,vi,2026-09-20T14:23:00Z
rv_burst_025,iphone_15,usr_burst_25,1.0,Lỗi màn hình sau update,Sau bản cập nhật iOS mới màn hình bị chớp xanh và nóng ran!,2026-09-20T14:24:00Z,True,30,mobile_app,vi,2026-09-20T14:24:00Z
rv_burst_026,iphone_15,usr_burst_26,2.0,Lỗi màn hình sau update,Sau bản cập nhật iOS mới màn hình bị chớp xanh và nóng ran!,2026-09-20T14:25:00Z,True,77,mobile_app,vi,2026-09-20T14:25:00Z
rv_burst_027,iphone_15,usr_burst_27,1.0,Lỗi màn hình sau update,Sau bản cập nhật iOS mới màn hình bị chớp xanh và nóng ran!,2026-09-20T14:26:00Z,True,72,mobile_app,vi,2026-09-20T14:26:00Z
rv_burst_028,iphone_15,usr_burst_28,2.0,Lỗi màn hình sau update,Sau bản cập nhật iOS mới màn hình bị chớp xanh và nóng ran!,2026-09-20T14:27:00Z,True,14,mobile_app,vi,2026-09-20T14:27:00Z
rv_burst_029,iphone_15,usr_burst_29,1.0,Lỗi màn hình sau update,Sau bản cập nhật iOS mới màn hình bị chớp xanh và nóng ran!,2026-09-20T14:28:00Z,True,49,mobile_app,vi,2026-09-20T14:28:00Z
rv_burst_030,iphone_15,usr_burst_30,2.0,Lỗi màn hình sau update,Sau bản cập nhật iOS mới màn hình bị chớp xanh và nóng ran!,2026-09-20T14:29:00Z,True,53,mobile_app,vi,2026-09-20T14:29:00Z
rv_burst_031,iphone_15,usr_burst_31,1.0,Lỗi màn hình sau update,Sau bản cập nhật iOS mới màn hình bị chớp xanh và nóng ran!,2026-09-20T14:30:00Z,True,44,mobile_app,vi,2026-09-20T14:30:00Z
rv_burst_032,iphone_15,usr_burst_32,2.0,Lỗi màn hình sau update,Sau bản cập nhật iOS mới màn hình bị chớp xanh và nóng ran!,2026-09-20T14:31:00Z,True,40,mobile_app,vi,2026-09-20T14:31:00Z
rv_burst_033,iphone_15,usr_burst_33,1.0,Lỗi màn hình sau update,Sau bản cập nhật iOS mới màn hình bị chớp xanh và nóng ran!,2026-09-20T14:32:00Z,True,50,mobile_app,vi,2026-09-20T14:32:00Z
rv_burst_034,iphone_15,usr_burst_34,2.0,Lỗi màn hình sau update,Sau bản cập nhật iOS mới màn hình bị chớp xanh và nóng ran!,2026-09-20T14:33:00Z,True,44,mobile_app,vi,2026-09-20T14:33:00Z
rv_burst_035,iphone_15,usr_burst_35,1.0,Lỗi màn hình sau update,Sau bản cập nhật iOS mới màn hình bị chớp xanh và nóng ran!,2026-09-20T14:34:00Z,True,58,mobile_app,vi,2026-09-20T14:34:00Z
rv_burst_036,iphone_15,usr_burst_36,2.0,Lỗi màn hình sau update,Sau bản cập nhật iOS mới màn hình bị chớp xanh và nóng ran!,2026-09-20T14:35:00Z,True,16,mobile_app,vi,2026-09-20T14:35:00Z
rv_burst_037,iphone_15,usr_burst_37,1.0,Lỗi màn hình sau update,Sau bản cập nhật iOS mới màn hình bị chớp xanh và nóng ran!,2026-09-20T14:36:00Z,True,19,mobile_app,vi,2026-09-20T14:36:00Z
rv_burst_038,iphone_15,usr_burst_38,2.0,Lỗi màn hình sau update,Sau bản cập nhật iOS mới màn hình bị chớp xanh và nóng ran!,2026-09-20T14:37:00Z,True,77,mobile_app,vi,2026-09-20T14:37:00Z
rv_burst_039,iphone_15,usr_burst_39,1.0,Lỗi màn hình sau update,Sau bản cập nhật iOS mới màn hình bị chớp xanh và nóng ran!,2026-09-20T14:38:00Z,True,71,mobile_app,vi,2026-09-20T14:38:00Z
rv_burst_040,iphone_15,usr_burst_40,2.0,Lỗi màn hình sau update,Sau bản cập nhật iOS mới màn hình bị chớp xanh và nóng ran!,2026-09-20T14:39:00Z,True,71,mobile_app,vi,2026-09-20T14:39:00Z
rv_burst_041,iphone_15,usr_burst_41,1.0,Lỗi màn hình sau update,Sau bản cập nhật iOS mới màn hình bị chớp xanh và nóng ran!,2026-09-20T14:40:00Z,True,44,mobile_app,vi,2026-09-20T14:40:00Z
rv_burst_042,iphone_15,usr_burst_42,2.0,Lỗi màn hình sau update,Sau bản cập nhật iOS mới màn hình bị chớp xanh và nóng ran!,2026-09-20T14:41:00Z,True,75,mobile_app,vi,2026-09-20T14:41:00Z
rv_burst_043,iphone_15,usr_burst_43,1.0,Lỗi màn hình sau update,Sau bản cập nhật iOS mới màn hình bị chớp xanh và nóng ran!,2026-09-20T14:42:00Z,True,74,mobile_app,vi,2026-09-20T14:42:00Z
rv_burst_044,iphone_15,usr_burst_44,2.0,Lỗi màn hình sau update,Sau bản cập nhật iOS mới màn hình bị chớp xanh và nóng ran!,2026-09-20T14:43:00Z,True,72,mobile_app,vi,2026-09-20T14:43:00Z
rv_burst_045,iphone_15,usr_burst_45,1.0,Lỗi màn hình sau update,Sau bản cập nhật iOS mới màn hình bị chớp xanh và nóng ran!,2026-09-20T14:44:00Z,True,58,mobile_app,vi,2026-09-20T14:44:00Z
rv_burst_046,iphone_15,usr_burst_46,2.0,Lỗi màn hình sau update,Sau bản cập nhật iOS mới màn hình bị chớp xanh và nóng ran!,2026-09-20T14:45:00Z,True,42,mobile_app,vi,2026-09-20T14:45:00Z
rv_burst_047,iphone_15,usr_burst_47,1.0,Lỗi màn hình sau update,Sau bản cập nhật iOS mới màn hình bị chớp xanh và nóng ran!,2026-09-20T14:46:00Z,True,72,mobile_app,vi,2026-09-20T14:46:00Z
rv_burst_048,iphone_15,usr_burst_48,2.0,Lỗi màn hình sau update,Sau bản cập nhật iOS mới màn hình bị chớp xanh và nóng ran!,2026-09-20T14:47:00Z,True,27,mobile_app,vi,2026-09-20T14:47:00Z
rv_burst_049,iphone_15,usr_burst_49,1.0,Lỗi màn hình sau update,Sau bản cập nhật iOS mới màn hình bị chớp xanh và nóng ran!,2026-09-20T14:48:00Z,True,14,mobile_app,vi,2026-09-20T14:48:00Z
rv_burst_050,iphone_15,usr_burst_50,2.0,Lỗi màn hình sau update,Sau bản cập nhật iOS mới màn hình bị chớp xanh và nóng ran!,2026-09-20T14:49:00Z,True,66,mobile_app,vi,2026-09-20T14:49:00Z
rv_burst_051,iphone_15,usr_burst_51,1.0,Lỗi màn hình sau update,Sau bản cập nhật iOS mới màn hình bị chớp xanh và nóng ran!,2026-09-20T14:50:00Z,True,26,mobile_app,vi,2026-09-20T14:50:00Z
rv_burst_052,iphone_15,usr_burst_52,2.0,Lỗi màn hình sau update,Sau bản cập nhật iOS mới màn hình bị chớp xanh và nóng ran!,2026-09-20T14:51:00Z,True,38,mobile_app,vi,2026-09-20T14:51:00Z
rv_burst_053,iphone_15,usr_burst_53,1.0,Lỗi màn hình sau update,Sau bản cập nhật iOS mới màn hình bị chớp xanh và nóng ran!,2026-09-20T14:52:00Z,True,47,mobile_app,vi,2026-09-20T14:52:00Z
rv_burst_054,iphone_15,usr_burst_54,2.0,Lỗi màn hình sau update,Sau bản cập nhật iOS mới màn hình bị chớp xanh và nóng ran!,2026-09-20T14:53:00Z,True,33,mobile_app,vi,2026-09-20T14:53:00Z
rv_burst_055,iphone_15,usr_burst_55,1.0,Lỗi màn hình sau update,Sau bản cập nhật iOS mới màn hình bị chớp xanh và nóng ran!,2026-09-20T14:54:00Z,True,10,mobile_app,vi,2026-09-20T14:54:00Z
rv_burst_056,iphone_15,usr_burst_56,2.0,Lỗi màn hình sau update,Sau bản cập nhật iOS mới màn hình bị chớp xanh và nóng ran!,2026-09-20T14:55:00Z,True,34,mobile_app,vi,2026-09-20T14:55:00Z
rv_burst_057,iphone_15,usr_burst_57,1.0,Lỗi màn hình sau update,Sau bản cập nhật iOS mới màn hình bị chớp xanh và nóng ran!,2026-09-20T14:56:00Z,True,16,mobile_app,vi,2026-09-20T14:56:00Z
rv_burst_058,iphone_15,usr_burst_58,2.0,Lỗi màn hình sau update,Sau bản cập nhật iOS mới màn hình bị chớp xanh và nóng ran!,2026-09-20T14:57:00Z,True,51,mobile_app,vi,2026-09-20T14:57:00Z
rv_burst_059,iphone_15,usr_burst_59,1.0,Lỗi màn hình sau update,Sau bản cập nhật iOS mới màn hình bị chớp xanh và nóng ran!,2026-09-20T14:58:00Z,True,36,mobile_app,vi,2026-09-20T14:58:00Z
rv_burst_060,iphone_15,usr_burst_60,2.0,Lỗi màn hình sau update,Sau bản cập nhật iOS mới màn hình bị chớp xanh và nóng ran!,2026-09-20T14:59:00Z,True,39,mobile_app,vi,2026-09-20T14:59:00Z
